product_id,product,length ,width ,height ,volume ,weight ,price,class_no
10001,Apple iPhone 13 128G 6.1吋智慧型手機,1,7,14,98,189,28588,A001
10002,Samsung M33 (6G/128G) 6.4吋 4+1鏡頭智慧手機,1,8,13,104,191,9564,A001
10003,Samsung 三星 Galaxy Z Flip3 5G 6.7吋 折疊智慧手機 (8G/128G),1,7,14,98,190,14270,A001
10004,realme GT Neo2 5G (8+128) 5G旗艦手機,1,7,16,112,188,12423,A001
10005,Apple iPhone 13 Pro 128G 6.1吋智慧型手機-松嶺青色,1,8,16,128,184,17431,A001
10006,Samsung Galaxy A52s 5G (8G/256G) 6.5吋 智慧型手機,1,8,14,112,190,6473,A001
10007,Samsung Galaxy A53 5G (8G/128G) 6.5吋五鏡頭智慧手機,1,7,16,112,193,11209,A001
10008,Apple iPhone 13 256G 6.1吋智慧型手機,1,8,16,128,184,24907,A001
10009,realme GT大師版 5G (8G/128G) S778G 性能影像旗艦機,1,7,14,98,198,11786,A001
10010,Samsung Galaxy A32 A326_4GB/64GB-(5G) 6.5吋智慧型手機,1,8,12,96,187,15947,A001
10011,【官方福利機】OPPO Reno4 (8G/128G) 智慧型手機,1,8,15,120,195,8713,A001
10012,Redmi 紅米 10 (4G+64G) 6.5吋八核心手機,1,8,12,96,193,9313,A001
10013,[限量回饋]Apple iPhone 13 Pro 256G 6.1吋智慧型手機,1,7,16,112,186,17370,A001
10014,小米 11T (8G/256G) 5G 6.67吋億萬畫素智慧手機,1,8,13,104,188,18835,A001
10015,SAMSUNG Galaxy A52s 5G(8G/256G) 6.5吋八核心智慧手機,1,8,12,96,186,20945,A001
10016,LG 樂金 86型 一奈米 4K AI語音物聯網電視 86NANO91SPA,131,77,24,242088,7,26808,A005
10017,SAMSUNG三星 65吋 4K UA65AU8000WXZW UHD 連網液晶電視,126,71,24,214704,14,25747,A005
10018,Panasonic 國際 TH-43JX750W 43型 4K 六原色液晶電視 含基本安裝,135,83,24,268920,8,24713,A005
10019,LG 樂金 65型 一奈米 4K AI語音物聯網電視 65UP8050PSB,127,67,24,204216,9,21671,A005
10020,LG 樂金 50型 一奈米 4K AI語音物聯網電視 50UP7750PSB,133,67,24,213864,14,17163,A005
10021,LG樂金 86型 4K AI語音 物聯網 電視 86UP8050PSB,125,74,25,231250,7,20366,A005
10022,Panasonic國際牌 49型 4K聯網液晶電視+視訊盒 TH-49JX750W,137,74,24,243312,13,11426,A005
10023,LG樂金55吋一奈米4K電視55NANO81WNA,134,79,25,264650,12,8138,A005
10024,Panasonic 國際牌 43吋LED液晶電視 TH-43J500W -含基本安裝+舊機回收,125,83,24,249000,10,10290,A005
10025,山水50吋4K聯網安卓9.0電視SUHD-5055,137,71,25,243175,8,25211,A005
10026,LG樂金 75吋 一奈米 4K AI語音 物聯網 電視 75NANO86SPA,131,72,24,226368,12,29936,A005
10027,【暖心禮】SAMSUNG三星 55吋 4K UA55AU9000WXZW UHD 連網液晶電視,138,82,25,282900,12,23072,A005
10028,志佳16吋高畫質可攜式數位電視,139,78,25,271050,12,28668,A005
10029,Panasonic 國際牌 32吋LED液晶電視 TH-32J500W -含基本安裝+舊機回收,127,86,24,262128,7,9653,A005
10030,SONY索尼43吋聯網4K電視KM-43X85J,127,77,25,244475,10,22644,A005
10031,UNIFUN多功能陶瓷快煮鍋 1.5L,75,31,17,39525,10,990,A003
10032,【SANSUI 山水】雙層防燙不鏽鋼快煮美食鍋SMY-J12 附蛋架 快煮鍋/料理鍋/電火鍋/電煮鍋,77,29,25,55825,8,499,A003
10033,SAMPO聲寶 雙層防燙多功能快煮美食鍋//電火鍋(附蒸架) 1.2L KQ-CA12D,78,32,16,39936,9,580,A003
10034,KINYO多功能料理鍋-烤盤、火鍋兩用(BP085R)-紅,77,34,16,41888,8,1680,A003
10035,CHIMEI奇美 分離式料理鍋 EP-25MC40,79,27,24,51192,12,1288,A003
10036,UNIFUN多功能陶瓷快煮鍋 1.5L,73,27,21,41391,14,799,A003
10037,ARTISAN網紋式真空包裝袋15x22cm(100入裝)VB1522,78,27,22,46332,10,490,A003
10038,電煮鍋 手動款電熱鍋 電火鍋(1.8L電鍋/多功能智能一體小電鍋/智能快煮鍋)【贈送5件套】,76,28,23,48944,14,699,A003
10039,Concern 康生 美食達人不鏽鋼快煮美食鍋,73,26,21,39858,14,599,A003
10040,【青葉牌ShineYe】 P299B 真空包裝機 強力吸嘴 乾濕兩用免專用袋(公司貨) 黑色,77,27,18,37422,8,4290,A003
10041,【青葉牌ShineYe】P290B 真空包裝機 乾濕商用免專用袋(公司貨),75,31,22,51150,10,3990,A003
10042,【CookPower鍋寶】316雙層防燙多功能美食鍋1.8L (霧粉),73,30,17,37230,8,890,A003
10043,recolte 日本麗克特Bonne 萬用調理機 香檳白,80,31,22,54560,7,2180,A003
10044,"美國【NOSTALGIA】爆米花機,復古家電, 經典紅",75,30,18,40500,13,3184,A003
10045,TECO東元 6-8坪 1級變頻冷暖冷氣 MS40IH-GA1/MA40IH-GA1 R32冷媒,78,30,17,39780,13,3980,A003
10046,Samsung 三星 Galaxy Tab S7 FE T733 12.4吋平板電腦 (WiFi版/4G/64G),20,30,3,1800,800,14990,A002
10047,Samsung 三星 Galaxy Tab A8 X200 10.5吋平板電腦 (WiFi/4G/64G),20,30,3,1800,800,7990,A002
10048,Samsung 三星 Galaxy Tab A8 X200 10.5吋平板電腦 (WiFi/4G/64G),20,30,3,1800,800,6490,A002
10049,聯想 Lenovo Tab M10 FHD Plus (第 2 代) TB-X606F 10.3吋 WiFi 4G/64G 平板電腦,26,17,3,1326,600,4788,A002
10050,Lenovo Tab M10 HD TB-X306F 10吋平板電腦 (2G/32G),25,16,3,1200,500,7990,A002
10051,Samsung Galaxy Tab A8 X200 Wi-Fi (4G/64G) 10.5吋平板電腦,20,30,3,1800,800,5290,A002
10052,SAMSUNG 三星 Galaxy Tab A7 Lite T220 8.7吋平板 (Wi-Fi版/4G/64G),20,30,3,1800,800,21900,A002
10053,三星 Galaxy Tab S7+ WIFI (T970) 12.4吋平板電腦- (6G/128G),20,30,3,1800,800,9590,A002
10054,Apple 2021 iPad mini 6平板電腦 (8.3吋/WiFi/64G),20,15,3,900,400,14300,A002
10055,聯想 Lenovo Tab P11 Pro TB-J706F 11.5吋 WiFi 6G/128G 平板電腦超值組合,26,17,3,1326,600,16990,A002
10056,Samsung Galaxy Tab S8+ X800 8G/128G Wi-Fi 12.4吋 八核 平板電腦,20,30,3,1800,800,26990,A002
10057,Samsung Galaxy Tab S8 X700 8G/128G Wi-Fi 11吋 八核 平板電腦,20,30,3,1800,800,20990,A002
10058,Samsung Galaxy Tab A7 Lite LTE (T225) 3G/32G 8.7吋平板電腦,20,30,3,1800,800,4777,A002
10059,Samsung 三星 Galaxy Tab S8 X700 11吋平板電腦 (WiFi版/8G/128G),20,30,3,1800,800,5028,A002
10060,Lenovo Tab M8 TB-8505F (2G/32G) 8吋平板電腦,26,17,3,1326,600,20990,A002
10061,羅技 G102 炫彩遊戲滑鼠-黑,13,4,7,364,85,499,A006
10062,羅技 G304 無線電競滑鼠-白色,13,4,7,364,85,990,A006
10063,羅技 G304無線電競滑鼠(黑白可選),13,4,7,364,85,990,A006
10064,羅技 G402 光學電競滑鼠,13,4,7,364,85,799,A006
10065,SteelSeries 賽睿 PRIME無線電競滑鼠,14,4,7,392,100,4090,A006
10066,羅技G302 MOBA電競滑鼠,13,5,6,390,120,599,A006
10067,MSI微星 Clutch GM11 電競滑鼠,14,4,7,392,100,799,A006
10068,羅技 G403 Hero電競滑鼠,14,4,7,392,100,1490,A006
10069,FOXXRAY 銀月獵狐電競滑鼠(FXR-BMP-56/黑色),13,5,7,455,120,319,A006
10070,FOXXRAY 金星獵狐電競滑鼠(FXR-SM-29),14,5,7,490,110,335,A006
10071,A4 Bloody A70 消光黑 光微動極速遊戲電競滑鼠,14,4,7,392,100,638,A006
10072,SteelSeries 賽睿 Rival 600電競滑鼠,14,4,7,392,100,671,A006
10073,MSI Clutch GM08 電競滑鼠,13,5,7,455,120,950,A006
10074,【CORSAIR海盜船】M65 RGB ELITE 電競滑鼠/白色/有線/18000 dpi/RGB/2年保/CH-9309111-AP,15,4,8,480,130,1990,A006
10075,TCSTAR GAMING 電競光學滑鼠TCN194,14,4,7,392,100,599,A006
10076,Turtle Beach Stealth 600 Gen 2無線電競耳機麥克風,20,20,9,3600,1000,2990,A006
10077,ASUS 華碩 ROG STRIX GO 2.4 無線電競耳機,18,17,10,3060,1200,4590,A006
10078,FOXXRAY 轟天響狐電競耳機麥克風(FXR-BAL-57),17,15,10,2550,1200,599,A006
10079,羅技 G435 輕量雙模無線藍芽耳機,8,8,4,256,100,2690,A006
10080,嚴選 專業級J10電競耳機麥克風/頭戴耳罩LED發光/智能線控,16,14,11,2464,1100,659,A006
10081,FOXXRAY 閃喵響狐電競耳機麥克風(FXR-BAL-62),15,15,10,2250,800,699,A006
10082,羅技 G335 輕盈電競耳機麥克風,16,15,11,2640,900,1990,A006
10083,【JELLICO】電競系列輕巧好音質線控入耳式耳機白色/JEE-CT29-WT,8,8,4,256,100,129,A006
10084,Turtle Beach Atlas One電競耳機麥克風,14,13,8,1456,950,1490,A006
10085,ROCCAT SYVA電競耳機麥克風,15,15,12,2700,1000,1190,A006
10086,【JELLICO】電競系列輕巧好音質線控入耳式耳機黑色/JEE-CT29-BK,7,6,5,210,1100,129,A006
10087,ROCCAT KHAN PRO 悍音系列 專業版高解析電競耳機-灰,15,15,13,2925,1000,1190,A006
10088,RONEVER MOE288 電競玩家耳麥,16,16,12,3072,1100,399,A006
10089,羅技 Pro X 專業級電競耳機麥克風,17,15,10,2550,1200,3990,A006
10090,RONEVER MOE288 電競玩家耳麥,16,16,12,3072,1100,399,A006
10091,realme Watch 2 運動血氧智慧手錶,10,12,8,960,80,999,A004
10092,【官旗】華為 HUAWEI WATCH GT2 Pro 智慧手錶-星塵灰,11,11,8,968,100,5990,A004
10093,【官旗】華為 HUAWEI WATCH GT2 時尚版智慧手錶-46mm 砂礫棕,11,11,8,968,100,7490,A004
10094,【官旗】華為 HUAWEI Band 6 智慧手環,11,11,8,968,100,3490,A004
10095,realme Watch 2 Pro 大螢幕GPS智慧手錶,10,12,8,960,80,4490,A004
10096,【官旗】華為 HUAWEI WATCH GT3 46mm 活力款 智慧手錶-黑,11,11,8,968,100,990,A004
10097,【官方福利品】realme Watch 2 運動血氧智慧手錶,10,12,8,960,80,1290,A004
10098,realme Watch 2 Pro 血氧偵測雙衛星定位健康守護防水手錶,10,12,8,960,80,2049,A004
10099,小米手環6 標準版 黑色 NCC認證 台灣保固一年 黑色錶帶,8,4,4,128,50,6990,A004
10100,Haylou Solar RS3智慧手錶,10,11,7,770,100,888,A004
10101,宏碁 acer LOVECODE 摩斯電碼悠遊卡對鍊組,5,5,3,75,90,1990,A004
10102,酷碁科技(宏碁集團) 黑曜石易付佛珠 一卡通版,5,5,3,75,90,2055,A004
10103,GARMIN EPIX 全方位GPS 智慧腕錶,11,12,8,1056,110,989,A004
10104,realme Watch S Pro 智慧手錶,10,12,8,960,80,1089,A004
10105,SAMSUNG 三星 Galaxy Watch 4 Classic 智慧手錶 R890 46mm 藍芽版,12,12,5,720,120,1690,A004
10106,Apple Watch S7 45mm 鋁金屬錶殼配運動錶帶(GPS),10,3,3,90,150,12255,A004
10107,(新版) Apple Watch SE 44mm 鋁金屬錶殼配運動錶帶(GPS),10,3,3,90,150,8833,A004
10108,Apple Watch Nike+S7 45mm 鋁金屬錶殼配Nike運動錶帶(GPS),10,3,3,90,150,12513,A004
10109,(新版) Apple Watch Nike+SE 44mm 鋁金屬錶殼配Nike運動錶帶(GPS),10,3,3,90,150,8833,A004
10110,Apple Watch S7 41mm 鋁金屬錶殼配運動錶帶(GPS),10,3,3,90,150,11221,A004
10111,Apple Watch 7 GPS 45mm 午夜色金屬錶環/午夜色運動錶帶MKN53TA/A,10,3,3,90,150,12255,A004
10112,Apple Watch 7 GPS 45mm 星光色金屬錶環/星光色運動錶帶MKN63TA/A,10,3,3,90,150,12255,A004
10113,Apple Watch 7 GPS 45mm 紅色金屬錶環/紅色運動錶帶MKN93TA/A,10,3,3,90,150,12255,A004
10114,(新版) Apple Watch SE 44mm 鋁金屬錶殼配運動錶帶(GPS+Cellular版),10,3,3,90,150,10355,A004
10115,DAPAD固固膜 For Apple Watch 45mm 滿版螢幕保護貼-亮面,12,10,1,120,10,312,A004
10116,Apple Watch S7 GPS 45mm藍色鋁金屬錶殼配藍色運動錶帶,10,3,3,90,150,12900,A004
10117,Apple Watch S7 GPS 45mm午夜色鋁金屬錶殼配午夜色運動錶帶(MKN53TA/A),10,3,3,90,150,12900,A004
10118,Apple Watch 7 GPS 45mm 綠色金屬錶環/綠色運動錶帶MKN73TA/A,10,3,3,90,150,12255,A004
10119,(新版) Apple Watch SE 40mm 鋁金屬錶殼配運動錶帶(GPS),10,3,3,90,150,7899,A004
10120,Apple Watch Nike+S7 41mm 鋁金屬錶殼配Nike運動錶帶(GPS),10,3,3,90,150,11305,A004
10121,【RMK】江戶櫻透光BB霜 30g,11.5,4.5,4,207,30,426,C014
10122,"KOSE-GRACE1/極上活妍,特濃彈力BB霜50g",12,5.5,5,330,50,230,C014
10123,SHISEIDO資生堂安耐曬高效防曬BB霜組,12,5,5,300,50,228,C014
10124,【BANILA CO】小蛋糕雙效海綿-6入(BB霜/粉底液/化妝粉撲),10,6,5,300,25,291,C014
10125,ANESSA安耐曬 金鑽高效潤色防護BB霜 A2 25ml,11,5,4.5,247.5,30,372,C014
10126,【KOSE 高絲】Nudy Couture 輕透無瑕BB霜 30g,11.5,4.5,4,207,30,489,C014
10127,【MEISHOKU明色】Moist Labo潤澤BB霜(透亮01)33g,12,6,5,360,33,297,C014
10128,KOSE 高絲 雪肌精 潤白保濕BB霜 SPF40‧PA+++ (02 自然色) 30g,10,6,5.5,330,30,279,C014
10129,Fees 安撫BB霜,11,4.5,4,198,30,388,C014
10130,《KOSE 高絲》Nudy Couture 妞蒂可清透無瑕BB霜30g,11,5,4.5,247.5,30,125,C014
10131,Fees法緻 baby全面修護組 安撫BB霜70ml+嬰兒全護極潤面霜70ml,12,5.5,4,264,70,188,C014
10132,KOSE 米肌 肌潤BB霜  30ml (兩色可選),10,5,4,200,30,440,C014
10133,【LAIKOU萊蔻】多效修護隔離BB霜50g (色號任選),12,5,4.5,270,50,309,C014
10134,KOSE 米肌 肌潤BB霜 30ml (兩色可選),11,4.5,4,198,30,496,C014
10135,【MEISHOKU明色】Moist Labo潤澤BB霜(珠光02)33g,10,5,4,200,33,128,C014
10136,【PH SHOP天然系專家】Coola 超裸奇肌礦物BB霜SPF30(50ml) 2入,11,5.5,5,302.5,100,458,C014
10137,SHISEIDO 資生堂 心機 真型膜力BB霜 SPF30 PA++ 30g,12,5,5,300,30,252,C014
10138,M.A.C 超持妝無瑕粉底液30ml (附壓頭)-多色號任選,10,4,4,160,30,331,C017
10139,M.A.C 超持妝無瑕粉底液30ml (公司貨) 多色可選,10,3,3,90,30,292,C017
10140,M.A.C 超持妝無瑕粉底液#N12 30ml (附壓頭),10,4,4,160,30,152,C017
10141,M.A.C 超持妝無瑕粉底液SPF15/PA++(30ml)-多色可選 新包裝贈專櫃清潔卸妝試用包(隨機出貨)X1,10,4,4,160,30,326,C017
10142,M.A.C 粉持色36H防水抗汗粉底液(25ml),10,3,3,90,25,398,C017
10143,M.A.C 超持妝無瑕粉底液(30ml),10,3,3,90,30,246,C017
10144,M.A.C 超持妝無瑕粉底液SPF15/PA++(30ml)#N18 新版-期效202301,10,3,3,90,30,341,C017
10145,M.A.C 超持妝無瑕粉底液#NC15 30ml (附壓頭),10,4,4,160,30,189,C017
10146,M.A.C 超持妝無瑕粉底液#NC25 30ml (附壓頭),10,4,4,160,30,113,C017
10147,M.A.C 超持妝無瑕粉底液#NC20 30ml (附壓頭),10,4,4,160,30,295,C017
10148,M.A.C 超持妝無瑕粉底液#N18 30ml (附壓頭),10,4,4,160,30,274,C017
10149,M.A.C 超持妝無瑕粉底液#N16 30ml (附壓頭),10,4,4,160,30,326,C017
10150,YSL 超模光感極潤粉底#B10 25ml,10.5,3,3,94.5,25,479,C017
10151,YSL 超模光感極潤粉底#B20 25ml,10.5,3,3,94.5,25,258,C017
10152,YSL 超模聚焦光感粉底液（升級版）#B10 30ml,10.5,3,3,94.5,30,117,C017
10153,YSL 超模光感極潤粉底#BR10 25ml,10.5,4,4,168,25,366,C017
10154,YSL 超模聚焦光感粉底液SPF22/PA++#B20(5ML),10.5,4,4,168,5,238,C017
10155,YSL 超模光感極潤粉底#BR20 25ml,10.5,4,4,168,25,171,C017
10156,YSL 聖羅蘭 逆齡肌密精萃粉底SPF20 PA++(B30) 5ml,10.5,4,4,168,5,180,C017
10157,《BOBBI BROWN 芭比波朗》持久無痕輕感粉底SPF15/PA++30ml-#Warm Ivory,11,4,4,176,30,155,C017
10158,《BOBBI BROWN 芭比波朗》持久無痕輕感粉底SPF15/PA++30ml-#Sand,11,4,4,176,30,463,C017
10159,【Bobbi Brown】 SKIN NOURISHING GLOW FOUNDATION 彈潤提拉精華粉底30ml Natural EF9M-04,11,4,4,176,30,335,C017
10160,《BOBBI BROWN 芭比波朗》持久無痕輕感粉底SPF15/PA++30ml-#Beige,11,4,4,176,30,289,C017
10161,《BOBBI BROWN 芭比波朗》冬蟲夏草精華粉底SPF40/PA++++30ml,11,4,4,176,30,444,C017
10162,《BOBBI BROWN 芭比波朗》高保濕修護精華粉底SPF40/PA+++升級版30ml,11,4,4,176,30,169,C017
10163,《BOBBI BROWN 芭比波朗》高保濕修護精華粉底SPF40/PA+++升級版30ml,11,4,4,176,30,160,C017
10164,《BOBBI BROWN 芭比波朗》高保濕修護精華粉底SPF40/PA+++升級版30ml,11,4,4,176,30,486,C017
10165,【Bobbi Brown】芭比波朗 自然輕透膠囊氣墊粉底 補充包 # 2 EXTRA LIGHT 淺亮白 13g,6,4,4,96,13,153,C017
10166,【Bobbi Brown】芭比波朗 彈潤提拉精華粉底 #3.5 Warm Beige 暖嫩芽 30ml,11,4,4,176,30,204,C017
10167,【Bobbi Brown】芭比波朗 自然輕透膠囊氣墊粉底 補充包 # 3 Light 亮白 13g,6,4,4,96,13,139,C017
10168,【Bobbi Brown】芭比波朗 金緻奢華唇膏 # 5 Pale Mauve 丁香花園 3.8g,11,2,2,44,3.8,439,C015
10169,《BOBBI BROWN 芭比波朗》高保濕修護精華粉底SPF40/PA+++升級版30ml,11,4,4,176,30,261,C017
10170,BOBBI BROWN 高保濕修護精華粉底-升級版(30ml) 公司貨,11,4,4,176,30,483,C017
10171,BOBBI BROWN 持久無痕防水抗汗粉底(40ml),6,5,5,150,40,125,C016
10172,BOBBI BROWN 自然輕透膠囊氣墊粉底-無瑕版SPF50 PA+++(13g)#Light,6,5,5,150,13,136,C016
10173,shu uemura 植村秀 無極限光澤水粉底#664 5mlX3,5,4,4,80,15,153,C017
10174,M.A.C 超持妝六色遮瑕盤6g-多色號可選(百貨公司貨),10,4,2,80,6,401,C023
10175,《SHISEIDO 資生堂》心機 嫩透遮瑕膏EX #3 (3g),10,2,2,40,3,496,C023
10176,《SHISEIDO 資生堂》心機 嫩透遮瑕膏EX #1 (3g),10,2,2,40,3,233,C023
10177,【Bobbi Brown】芭比波朗 高保濕修護精華遮瑕筆7ml Beige 嫩芽,10,3,3,90,7,394,C023
10178,【MIKIMOTO御木本】遮瑕筆1.5ml (正統公司貨),10,2,2,40,1.5,209,C023
10179,【Benefit】貝玲妃 粉底遮瑕 超輕盈全能遮瑕筆 5ml #2,10,2.5,2.5,62.5,5,439,C023
10180,【SHISEIDO】資生堂 美透白雙核晶白淨斑遮瑕筆 SPF25/PA+++ 4ml - Natural自然色,11,2.5,2.5,68.75,4,132,C023
10181,【Sigma】F69-斜角細部遮瑕刷 Angled Pixel Concealer Brush,15,4,4,240,10,320,C023
10182,【Sigma】F61-斜角霜狀遮瑕修容刷 Angled Cream Contour,15,4,4,240,10,118,C023
10183,【Benefit】貝玲妃 粉底遮瑕 Hello Happy 陶瓷光防曬粉底液 30ml,10,5,5,250,30,196,C023
10184,LANCOME 蘭蔻 2in1專業粉底/遮瑕刷,15,5,5,375,10,370,C023
10185,【Sigma】3D五角形遮瑕修飾刷(黑色) 3DHD Precision Brush-Black,15,5,5,375,10,443,C023
10186,【Benefit】貝玲妃 粉底遮瑕 Hello Happy 雙效柔膚蜜粉餅 7g,6,6,2,72,7,306,C023
10187,【Sigma】P88-精確平斜角修飾遮瑕刷 Precision Flat Angled Brush,15,5,5,375,10,107,C023
10188,【Benefit】貝玲妃 粉底遮瑕 超輕盈全能遮瑕筆 5ml #1,10,1.5,1.5,22.5,5,228,C023
10189,【Sigma】F75-基礎遮瑕刷 Concealer Brush,15,5,5,375,10,160,C023
10190,【Sigma】P87-三角斜角遮瑕刷 Edge Precision,15,5,5,375,10,423,C023
10191,《LANCOME 蘭蔻》2in1專業粉底/遮瑕刷,15,7,6,630,10,411,C023
10192,M.A.C 九色眼影盤(5.85g) #AMBER TIMES NINE,10,5,5,250,5.85,287,C018
10193,M.A.C 九色眼影盤(5.85g) #BURGUNDY TIMES NINE,10,5,5,250,5.85,451,C018
10194,M.A.C 24小時眼影底霜(12ML)-百貨公司貨,7,7,7,343,12,365,C018
10195,M.A.C #231 專業小型眼彩刷-百貨公司貨,15,4,4,240,10,104,C018
10196,M.A.C 時尚焦點小眼影(1.5g)#OMEGA MATTE,3,3,3,27,1.5,316,C018
10197,【Kanebo 佳麗寶】COFFRET D’OR光透立體眼線筆0.11g,10,1.5,1.5,22.5,0.11,159,C020
10198,【Kanebo 佳麗寶】COFFRET D’OR光透立體眼線筆(蕊)0.11g,10,1.5,1.5,22.5,0.11,295,C020
10199,【Kanebo 佳麗寶】隨心勾勒艷色眼線液 0.35mL (2色任選),10,1.5,1.5,22.5,0.35,432,C019
10200,【Kanebo 佳麗寶】COFFRET D’OR光透立體眼線液0.6ml,10,2,2,40,0.6,223,C019
10201,【Kanebo 佳麗寶】LUNASOL魅力無邊眼彩筆 0.1g,10,1.5,1.5,22.5,0.1,329,C020
10202,【Kanebo 佳麗寶】LUNASOL 晶巧光燦濃翹睫毛膏 6.0g,11,3,3,99,6,453,C021
10203,【Kanebo 佳麗寶】KANEBO 孔雀開屏扇形捲翹美睫膏WP 6.6g,11,3,3,99,6.6,462,C021
10204,【Kanebo 佳麗寶】KANEBO 彎月名刃纖密美睫膏CC 5.1g,11,3,3,99,5.1,385,C021
10205,【Kanebo 佳麗寶】LUNASOL 晶巧霓光眼線液 2.2g,11,3,3,99,2.2,373,C019
10206,YSL 奢華緞面柔霧唇膏#112 乾柴烈火(2g)-國際航空版,11.5,2,2,46,2,103,C015
10207,HERMES 愛馬仕 Rouge Hermes 啞光唇膏 秋冬限量版(3.5g)-多色可選-國際航空版,6,3.5,3.5,73.5,3.5,108,C015
10208,YSL 奢華緞面柔霧唇膏#107 (2g)-國際航空版,11.5,2,2,46,2,391,C015
10209,《Shu Uemura 植村秀》無色限粉霧保濕唇膏3g-#OR585,10,3,3,90,3,375,C015
10210,GUCCI 潤澤光感唇膏(3.5g)#500 Odalie Red-國際航空版,7,3,3,63,3.5,352,C015
10211,【YSL】 奢華緞面絲絨唇膏2.2g-小金條-限量版包裝,11.5,2,2,46,2.2,332,C015
10212,【Bobbi Brown】芭比波朗 迷戀輕吻唇膏# Angel 專屬天使 3.4g,7,3,3,63,3.4,120,C015
10213,M.A.C 絲柔粉霧唇膏(3g)#305 BURNING LOVE-國際航空版,7,3,3,63,3,145,C015
10214,【Shu Uemura植村秀】無色限緞光極潤唇膏3.3g #RD188,11,2,2,44,3.3,104,C015
10215,GUCCI 潤澤光感唇膏(3.5g)-兩色可選-國際航空版,11,3,3,99,3.5,306,C015
10216,M.A.C 水漾潤澤唇膏(3g)#COCKNEY-國際航空版,11,2,2,44,3,420,C015
10217,【YSL】情挑誘光水唇膏3.2g,11,2,2,44,3.2,380,C015
10218,LANCOME蘭蔻 絕對完美唇膏-絲絨霧感 #290 (3.4g),11.5,2,2,46,3.4,432,C015
10219,ETVOS 靚灩水感礦物唇膏　寶石紅,10,2,2,40,3,370,C015
10220,YSL 奢華緞面柔霧唇膏#112 乾柴烈火(2g)-國際航空版,11.5,2,2,46,2,147,C015
10221,LANCOME 蘭蔻 絕對完美鑽石霧光唇膏(3g),11,3,3,99,3,186,C015
10222,【Hermes愛馬仕】瑰麗唇膏 4g #49,8,4,4,128,4,354,C015
10223,《LANCOME 蘭蔻》絕對閃耀水蜜光唇膏3.2g-#368,9.5,3,3,85.5,3.2,450,C015
10224,【GIVENCHY】紀梵希 Le Rouge Night Noir華麗魅彩星鑽唇膏 #04 Night In Blue,9,3,3,81,3,331,C015
10225,【RMK】活力繽紛腮紅霜 8g,4,4,2,32,8,251,C022
10226,【RMK】THE NOW NOW頰采 2.4g (2色任選),5,4,2,40,2.4,424,C022
10227,【RMK】棕采調色眼／頰盒任選彩妝組(各4色／共8色任選),4,4,2,32,6,461,C018
10228,【RMK】玩色點采眼頰盒招桃花彩妝組 (多色任選),4,4,2,32,3,442,C018
10229,【RMK】浮世今時胭脂 1.7g,4,4,2,32,1.7,166,C022
10230,【RMK】棕采調色頰盒 3.4g,7,7,2,98,3.4,238,C022
10231,【RMK】眼頰多采棒 6.7g(6色任選),7,7,2,98,6.7,230,C022
10232,【RMK】鏡光魅影頰采盤 11g(2色任選),4,4,2,32,11,222,C018
10233,【RMK】FFFuture眼采盤 2.8g (效期：2022/07),3,3,2,18,2.8,274,C018
10234,好來(原黑人) 超氟強化琺瑯質牙膏 爆殺10入組 (200g 6入+175g 4入),7,7,25,1225,100,165,E034
10235,好來(原黑人) 超氟抗敏感牙膏8入組,5,5,25,625,160,383,E034
10236,買2送2【高露潔品牌週】高露潔 全效系列漱口水超值4件組-500mlx4入,6,6,22,792,130,265,E034
10237,高露潔 抗敏感牙膏12入組,5,5,21,525,100,152,E034
10238,高露潔 全效牙膏6入超值組,6,6,21,756,140,328,E034
10239,3M 新一代單線細滑牙線棒散裝箱購超值組 (1500支),7,7,22,1078,150,408,E034
10240,好來(原黑人) 白綠雙星牙膏140g,5,5,20,500,120,445,E034
10241,高露潔 抗敏專家超值7入組,6,6,20,720,100,237,E034
10242,GUM 牙周護理牙線 (含蠟膨脹型) (40m),7,7,20,980,110,443,E034
10243,好來(原黑人) 超氟強化琺瑯質牙膏 250g 2入,7,7,22,1078,140,382,E034
10244,【掃除優惠組】4入組-不沾手馬桶深層清潔泡泡慕斯清潔劑500ml,9,5,23,1035,500,135,E039
10245,香爵Shiangers 75% 酒精 蔗糖糖蜜發酵乙醇製作家用組(4L*1+500ml*1 贈90ml空瓶*4+500ml空瓶*4+漏斗*1),9,5,22,990,700,287,E039
10246,好神拖 輕巧手壓旋轉拖(一拖一桶二布),10,5,21,1050,500,196,E039
10247,OP 花香環保袋 薰衣草大,9,5,21,945,550,299,E039
10248,"『限時買1送1』法國NAJEL阿勒坡萬用神奇黑皂液1公升,共2入",10,5,20,1000,600,186,E039
10249,魔術靈 高密泡馬桶清潔劑 柑橘消臭 噴槍瓶 (500ml),9,5,24,1080,700,153,E039
10250,魔術靈 殺菌瞬潔馬桶清潔劑 (500ml),10,5,24,1200,550,124,E039
10251,白蘭 動力配方洗碗精補充包(檸檬)800g,10,5,21,1050,500,220,E039
10252,OP花香分解袋-檸檬(中)(垃圾袋),10,5,23,1150,700,148,E039
10253,3M 百利細緻餐具/茶杯專用好握型海綿菜瓜布6片裝(小黃海綿),9,5,23,1035,650,174,E039
10254,來復易 防漏安心復健褲(L)(14片 x 4包/箱)-成人紙尿褲,55,50,40,110000,2400,558,E035
10255,滿意寶寶 活潑寶寶紙尿褲 (XL)(160片/箱),50,50,40,100000,2300,567,E035
10256,拭拭樂嬰兒超純水柔濕巾85抽x36包/箱,50,55,40,110000,2100,683,E035
10257,來復易 防漏安心復健褲(XL)(12片 x 4包/箱)-成人紙尿褲,50,55,45,123750,2400,538,E035
10258,[限時搶購]好奇 純水嬰兒濕巾加厚型 80抽x10包x2箱,50,50,45,112500,2000,565,E035
10259,幫寶適 一級幫紙尿褲箱購 (三尺寸可選),55,50,40,110000,2300,644,E035
10260,好奇 純水嬰兒加厚型濕巾70抽16包-熊抱哥限定版,50,50,40,100000,2200,683,E035
10261,Baan貝恩 - 嬰兒保養柔濕巾80抽 24包/箱,55,55,40,121000,2200,505,E035
10262,好奇 純水嬰兒加厚型濕巾70抽16包-皮克斯限定版,50,50,45,112500,2100,525,E035
10263,幫寶適 一級幫 紙尿褲/尿布初生禮盒組(NB 32片x1包+S 60片x2包),50,50,45,112500,2100,501,E035
10264,[買一送一] Jack Wolfskin 飛狼 SWAG 輕量運動冷水瓶1400ml(快),10,10,33,3300,300,266,E041
10265,[買一送一]鍋寶CookPower 316不鏽鋼保溫辦公杯450ml(多色任選),9,9,34,2754,250,299,E041
10266,WOKY沃廚 彈蓋鈦陶瓷易潔層保溫杯600ML+提手保溫杯500ML,9,9,34,2754,300,290,E041
10267,FUSHIMA富島 英倫系列雙層耐熱玻璃杯450ML,9,9,30,2430,250,294,E041
10268,(買就送帆布隨行杯袋) WOKY 沃廚 手提激凍輕芯鈦瓷易潔層保溫杯750ml(附吸管)(5色),9,9,32,2592,250,257,E041
10269,【買一送一】WOKY沃廚 提手輕芯鈦瓷易潔層保溫瓶500ml,11,11,31,3751,300,216,E041
10270,象印*0.48L*OneTouch不鏽鋼真空保溫杯(SM-KC48)(快),11,11,34,4114,280,216,E041
10271,(買一送一)THERMOS膳魔師 TsumTsum超輕量保溫瓶0.45L(JNS-450TT),10,10,30,3000,250,170,E041
10272,【美國康寧_買一送一】Snapware316不鏽鋼超真空彈跳保溫瓶560ML(四色可選),10,10,33,3300,310,176,E041
10273,(買一送一)法國 FORUOR TOGO森沐 #304不鏽鋼真空辦公杯500ml(快),9,9,33,2673,340,215,E041
10274,熊寶貝 柔軟護衣精補充包x6入組,30,21,8,5040,1000,303,E037
10275,【日本ARIEL】新升級3D超濃縮抗菌洗衣球 32顆袋裝 X3(經典抗菌型/室內晾衣型),30,21,8,5040,1000,216,E037
10276,白蘭 洗衣粉箱購4.25kg/4.5kg 8入組(多款任選),30,21,8,5040,1000,319,E037
10277,【日本ARIEL】新升級3D超濃縮抗菌洗衣膠囊/洗衣球 32顆袋裝 X3 (經典抗菌型),30,21,8,5040,1000,331,E037
10278,[時時樂限定]依必朗 抗菌洗衣精 8包箱購組 (多款可選),30,21,8,5040,1000,351,E037
10279,【日本ARIEL】新升級超濃縮深層抗菌除臭洗衣精 630g補充包 X12(經典抗菌型)/箱,30,21,8,5040,1000,486,E037
10280,白蘭 茶樹除菌洗衣精補充包 1.6Kg,30,21,8,5040,1000,445,E037
10281,"【日本ARIEL】新升級超濃縮深層抗菌除臭洗衣精 630g補充包 X12,二款任選",30,21,8,5040,1000,267,E037
10282,妙管家 抗菌防霉洗衣精4000g(4入/箱),30,21,8,5040,1000,287,E037
10283,白蘭 含熊寶貝馨香精華洗衣精1.6KGx6入(多款可選）,30,21,8,5040,1000,445,E037
10284,[去水垢濾芯1入+ 虎爺馬克杯] BRITA 馬利拉濾水壺超值組 (共1壺7芯),27,28,15.5,11718,1000,242,E045
10285,[送去水垢+全效型濾芯各1 ] 德國BRITA Flow 8.2L大容量濾水箱(內含1入濾芯) 共3芯,27,28,15.5,11718,800,428,E045
10286,德國BRITA MAXTRA Plus 濾芯去水垢專家9入 送隨身濾水瓶(桃紅),27,28,15.5,11718,900,445,E045
10287,[送去水垢濾芯1入 共1壺3芯]德國BRITA 好水講究限定禮盒(共2芯) 加贈不鏽鋼保溫瓶,27,28,15.5,11718,900,200,E045
10288,BRITA MAXTRA Plus 濾芯 去水垢專家4入裝,27,28,15.5,11718,850,370,E045
10289,[送去水垢濾芯1入 共2壺5芯 ] 德國BRITA Aluna愛奴娜3.5L濾水壺+2入全效型濾芯+酷樂壺,27,28,15.5,11718,1000,242,E045
10290,[送去水垢濾芯1入 共1壺3芯 ]德國BRITA Marella 3.5L馬利拉濾水壺(含濾芯)+1入全效型濾芯,27,28,15.5,11718,800,230,E045
10291,BRITA MAXTRA Plus 濾芯 去水垢專家6入裝(快),27,28,15.5,11718,800,379,E045
10292,BRITA MAXTRA Plus 濾芯 去水垢專家3入裝,27,28,15.5,11718,900,278,E045
10293,怡康 10吋標準第二道水垢抑制軟水濾心,27,28,15.5,11718,850,359,E045
10294,TiANN 鈦安純鈦餐具 純鈦單層鈦碗400ml 兩入組 (快),11,11,7,847,185,104,E040
10295,[買一送一]SNOOPY 史努比 小夥伴 #304不銹鋼密封隔熱保鮮碗950ml(快),12,12,5,720,195,198,E040
10296,[買一送一] SNOOPY 史努比 小星球 陶瓷湯碗二件組-上碗350ml+把手碗650ml(快),12,12,7,1008,190,177,E040
10297,THERMOS膳魔師 隔溫碗1L 櫻花粉(A-NBOWL-CBP),12,12,5,720,195,106,E040
10298,Just Home日式藍十草陶瓷4.5吋飯碗6件組 適合大小家庭使用的實用飯碗組,12,12,6,864,195,151,E040
10299,TiANN 鈦安純鈦餐具 1.5L 多功能蘋果碗／個人小火鍋／保鮮料理鍋／沙拉碗(快),12,12,5,720,180,186,E040
10300,Ahoye 韓式304不鏽鋼泡麵碗1300mL 附保鮮蓋 便當碗,12,12,7,1008,185,110,E040
10301,GREEGREEN 304不鏽鋼泡麵碗 附保鮮蓋 1300ml (可直接爐上加熱),11,11,7,847,190,185,E040
10302,泡麵碗 不鏽鋼碗 白鐵碗 (大) 防燙碗 大碗公 304不銹鋼 隔熱碗 拉麵碗 雙層隔熱碗 【R065】 Color me,11,11,5,605,200,133,E040
10303,【Caldo卡朵生活】北歐輕奢典雅描金10吋陶瓷餐盤(快),12,12,7,1008,200,116,E040
10304,[買1送1]GREEN BELL綠貝YUM316不鏽鋼隔熱泡麵碗(紫)_贈餐具,11,11,6,726,190,174,E040
10305,﹝史努比不鏽鋼餐碗3件組﹞正版 餐碗 湯匙 叉子 泡麵碗 湯碗 SNOOPY?LifeTime一生流行館?,11,11,5,605,185,189,E040
10306,【Caldo卡朵生活】北歐輕奢典雅描金8吋陶瓷餐盤(快),11,11,5,605,195,163,E040
10307,三零四嚴選 不鏽鋼碗筷組 (12cm隔熱碗5個+筷子5雙),12,12,6,864,185,189,E040
10308,GREEN BELL綠貝 YUM!頂級316不鏽鋼超大容量隔熱泡麵碗(酷玩灰)贈餐具,12,12,5,720,190,142,E040
10309,TiANN 鈦安純鈦餐具 筷意人生 牡丹 鈦筷子／環保筷 (附收納袋)(快),2,15,23,690,160,174,E041
10310,TiANN 鈦安純鈦餐具 環保湯筷組 不燙手純鈦湯匙+自選花色鈦筷子 含精美絨布袋,2,17,24,816,180,161,E041
10311,TiANN 鈦安純鈦餐具 安全不燙手 經典台式湯匙 5入套組(快),2,15,23,690,175,150,E041
10312,TiANN 鈦安純鈦餐具 筷意人生 鳳凰 鈦筷子／環保筷 (附收納袋)(快),2,15,24,720,165,102,E041
10313,TiANN 鈦安純鈦餐具 筷意人生 櫻花 鈦筷子／環保筷 (附收納袋)(快),2,17,24,816,160,174,E041
10314,TiANN 鈦安純鈦餐具 筷意人生 權杖湖水綠 鈦筷子／環保筷 (附收納袋)(快),2,17,23,782,165,191,E041
10315,﹝蠟筆小新潛水布不鏽鋼餐具組﹞正版 環保餐具 不鏽鋼 湯匙 筷子 附收納袋?LifeTime一生流行館?,2,17,24,816,180,194,E041
10316,TiANN 鈦安純鈦餐具 筷意人生 幸運草金色 鈦筷子／環保筷 (附收納袋)(快),2,17,24,816,175,136,E041
10317,Just Home優質304不鏽鋼水滴型湯匙16cm(6件組) 飯匙/台式湯匙  304不鏽鋼材質安心使用,2,15,24,720,180,195,E041
10318,TiANN 鈦安純鈦餐具 筷意人生 幸運草雙色任選 鈦筷子／環保筷2入套組 (附收納袋x2),2,17,23,782,175,186,E041
10319,TiANN 鈦安純鈦餐具 1L 手沖咖啡壺／細口壺／茶壺(快),2,16,23,736,180,169,E041
10320,Beroso 倍麗森 正316不鏽鋼鈦合金實心長柄不鏽鋼餐具4筷4匙組-兩色任選(快),2,15,23,690,175,173,E041
10321,TiANN鈦安 純鈦餐具 筷意人生 鳳凰+牡丹 鈦筷子／環保筷2入套組 (附收納袋x2)(快),2,16,24,768,180,100,E041
10322,花王 清新沁涼洗髮精 補充包 (550ml/包),11,6,20,1320,750,195,E038
10323,(結帳再優惠！）BOTANIST 植物性洗髮精(清爽柔順型 490mlx1（多款任選）,12,6,20,1440,650,155,E038
10324,日本獅王LION OCTO清屑舒癢洗髮精 320ml x4,10,6,23,1380,600,178,E038
10325,Schwarzkopf 施華蔻 N&E怡然漢方植萃染髮霜_ 2入組(多色任選),10,5,24,1200,500,164,E038
10326,&honey蜂蜜亮澤修護洗護組,10,5,22,1100,450,222,E038
10327,花王 溫和柔潤洗髮精 補充包(550ml/包),10,6,20,1200,700,192,E038
10328,落建頭皮洗髮露-潔淨健髮配方400ml(2入組),11,5,22,1210,750,104,E038
10329,花王 KAO  洗髮精兒童專用 (750ml/瓶),10,6,24,1440,700,231,E038
10330,(活動)海倫仙度絲 洗髮精 任選,10,6,24,1440,450,118,E038
10331,【水平衡】香水洗髮精700g(無矽靈．國際級複合浪漫香氛),10,5,20,1000,600,181,E038
10332,[買1送1]悅舒適 漢方草本衛生棉/包(尺寸可選),15,10,9,1350,180,227,E043
10333,好自在INFINITY 純棉隔菌系列 液體衛生棉13入組(多尺寸可選),15,11,8,1320,60,171,E043
10334,蘇菲 瞬吸加長抑菌乾爽護墊 無香17.5CM(20片x2包/組),15,11,8,1320,180,121,E043
10335,（5包組)日本大王elis FinlaysonXCOMPACT GUARD GO可愛超薄衛生棉（5個尺寸可選）,15,11,9,1485,180,284,E043
10336,蘇菲 超熟睡細緻棉柔 41.5cm*6片/包,15,10,9,1350,140,192,E043
10337,蘇菲 瞬吸加長超薄護墊天然清新花香(17.5CM)(28片 x 2包/組),16,12,8,1536,60,174,E043
10338,(點我再折100元)靠得住 茶樹舒涼衛生棉(兩款可選),16,12,8,1536,140,124,E043
10339,蘇菲超熟睡細緻棉柔衛生棉(35cm)(8片*3包/組),16,10,8,1280,180,165,E043
10340,蘇菲 清新涼感清涼薄荷超薄護墊(14cm)(32片/包),16,12,8,1536,140,170,E043
10341,蘇菲彈力貼身超薄體貼夜用28CM(12片*4包/組),15,10,9,1350,60,166,E043
10342,春風柔膚感抽取式衛生紙 110抽x24包x3串/箱,50,55,40,110000,10300,306,E042
10343,倍潔雅柔軟舒適抽取式衛生紙150抽14包x6袋-箱,55,50,40,110000,10300,483,E042
10344,倍潔雅細緻柔感抽取式衛生紙150抽x72包/箱,55,55,45,136125,10400,488,E042
10345,倍潔雅柔軟舒適抽取式衛生紙150抽10包x6袋/箱,55,55,45,136125,10500,493,E042
10346,(折後520)舒潔 頂級三層迪士尼舒適竹炭萃取抽取衛生紙 90抽x30包/箱,55,50,40,110000,10500,352,E042
10347,(點我再折5元)舒潔 棉柔舒適抽取衛生紙 110抽x12包x6串/箱,50,50,45,112500,10500,482,E042
10348,Livi優活抽取式衛生紙100抽x10包x6袋/箱,50,55,40,110000,10100,447,E042
10349,倍潔雅柔軟舒適抽取式衛生紙150抽10包x8袋/箱,50,50,45,112500,10400,329,E042
10350,倍潔雅好韌真Plus 3層抽取衛生紙-茶樹精油抑菌100抽10包/袋,50,55,45,123750,10600,485,E042
10351,倍潔雅柔軟舒適抽取式衛生紙150抽14包x6袋/箱,55,50,40,110000,10200,397,E042
10352,美琪 抗菌洗手慕斯(補充瓶 3785ml)X1,10,7,23,1610,850,269,E036
10353,綠的GREEN 抗菌沐浴乳補充包-天竺葵香精油700ml,10,8,20,1600,1000,489,E036
10354,美琪 抗菌洗手慕斯 500ml,12,7,23,1932,850,293,E036
10355,Rexona 蕊娜 制汗爽身系列 (多款任選),12,9,22,2376,850,279,E036
10356,[獨家送護手霜*2]澳洲Tilley皇家特莉植粹香氛皂6入特惠組,11,9,20,1980,1000,478,E036
10357,蜜妮 Biore 抗菌洗手慕絲 沁檸橙香補充瓶(450ml),10,8,23,1840,1050,330,E036
10358,沙威隆 抗菌沐浴露-經典松木 1000ml,11,7,23,1771,900,219,E036
10359,綠的GREEN 植物系潔手慕斯-檸檬伯爵 3800ml 洗手泡泡 洗手慕斯,11,7,24,1848,1050,422,E036
10360,日本獅王LION 趣淨抗菌洗手慕斯補充瓶 柑橘 800ml x3,12,8,22,2112,800,359,E036
10361,【DOVE 多芬】沐浴乳 1000ml-6入組_ 多款可選,10,9,22,1980,850,282,E036
10362,【韓國WONDER MAMA】 藍寶原礦雙鍋組(28炒+28湯+28蓋),48,26,8,9984,1100,784,E044
10363,[買就送正官庄][雅虎獨家]Tefal法國特福 水星系列28CM不沾小炒鍋,45,27,6,7290,1200,1169,E044
10364,(買就送漸層購物袋)THERMOS膳魔師不鏽鋼附瀝水蓋雪平鍋18cm(SPC-S18),48,29,8,11136,1100,631,E044
10365,Tefal法國特福 食尚馬卡龍系列28CM不沾平底鍋(兩色可選),50,28,7,9800,1500,732,E044
10366,鍋之尊 頂級鑽石不沾炒鍋 42CM(雙耳),46,25,8,9200,1300,1184,E044
10367,[買就送正官庄][雅虎獨家]Tefal法國特福 巧變精靈系列可拆式不沾鍋勃根地紅3件組,45,30,8,10800,1000,1067,E044
10368,[買就送正官庄][雅虎獨家]Tefal法國特福 水星系列28CM不沾平底鍋,48,30,8,11520,1400,792,E044
10369,Tefal法國特福 爵士系列30CM不沾深平底鍋,49,27,7,9261,1500,634,E044
10370,[買就送正官庄][雅虎獨家]Tefal法國特福 水星系列32CM不沾平底鍋,47,28,8,10528,1400,1105,E044
10371,WOKY沃廚 極岩深煎鍋30CM,45,29,6,7830,1300,507,E044
10372,[美國 ON]白金級水解分離乳清蛋白(3.5磅)+酪蛋白(4磅),19,17,25,8075,2013,842,F047
10373,[美國 ON]金牌ISOLATE分離乳清蛋白(5磅)+酪蛋白4磅,17,19,24,7752,2734,831,F047
10374,[美國 ON]金牌WHEY乳清蛋白(5磅)+酪蛋白4磅,18,17,26,7956,2981,645,F047
10375,[美國 ON]金牌ISOLATE分離乳清蛋白(5磅)+肌酸1200公克,18,17,24,7344,2857,924,F047
10376,[美國 ON]白金級HYDRO水解分離乳清蛋白(3.5磅)+肌酸1200公克,18,17,29,8874,2119,209,F047
10377,[美國 ON]金牌ISOLATE分離乳清蛋白(5磅)+肌酸600公克,19,16,24,7296,2075,361,F047
10378,[美國 ON]金牌WHEY乳清蛋白(5磅)+肌酸1200公克,19,18,25,8550,2926,213,F047
10379,[美國 ON]白金級HYDRO水解分離乳清蛋白(3.5磅)+肌酸600公克,18,16,26,7488,2205,485,F047
10380,[美國 ON]白金級HYDRO水解分離乳清蛋白(3.5磅)+肌酸300公克,18,19,27,9234,2038,762,F047
10381,[美國 ON]金牌ISOLATE分離乳清蛋白(5磅)+肌酸300公克,18,18,23,7452,2954,733,F047
10382,[美國 ON] 金牌 WHEY 乳清蛋白(1磅2袋+2磅),18,18,29,9396,2361,233,F047
10383,BSN Syntha-6低脂複合乳清蛋白10磅,16,19,26,7904,2179,701,F047
10384,[美國 ON]金牌WHEY乳清蛋白(5磅)+肌酸600公克,19,18,26,8892,2833,914,F047
10385,[美國 ON] 金牌WHEY乳清蛋白(2磅/2罐),17,19,25,8075,2144,506,F047
10386,[美國 ON]金牌WHEY乳清蛋白(5磅)+肌酸300公克,17,18,27,8262,2210,665,F047
10387,(加碼最高回饋10%) 悠活原力 原力維生素D3錠(120錠/瓶),14,10,14,1960,94,591,F046
10388,GULIU GULIU 谷溜谷溜養生飲品 黑瓊露-黑木耳飲(6瓶/組),13,11,15,2145,102,790,F046
10389,(加碼最高回饋10%) 悠活原力 高濃縮蔓越莓私密益生菌植物膠囊 (30顆/盒),13,11,13,1859,92,815,F046
10390,(加碼最高回饋10%) 悠活原力 高濃縮蔓越莓私密益生菌植物膠囊(30顆/盒),12,10,14,1680,111,245,F046
10391,【健康進行式】益菌多EX益生菌 30包x1盒 (升級加強版),12,10,15,1800,97,884,F046
10392,【葳可】微纖菌 30粒x1盒 (國際雙認證益生菌),14,10,16,2240,96,924,F046
10393,(加碼最高回饋10%) 悠活原力 YOYO敏立清益生菌-乳酸口味(20條/盒),13,11,16,2288,93,862,F046
10394,(加碼最高回饋10%) 悠活原力 原力綜合維生素B群 緩釋膜衣錠(60顆/盒),13,11,13,1859,112,913,F046
10395,【花賜康】紫錐花護體飲(成人)(25ml/10瓶/盒),13,11,13,1859,104,644,F046
10396,(加碼最高回饋10%) 悠活原力 小悠活 兒童葉黃素咀嚼錠 (葡萄口味 60錠/瓶),14,11,13,2002,103,298,F046
10397,(加碼最高回饋10%) 悠活原力 原力鈣+D3(顆粒粉狀 30包/盒),13,11,13,1859,113,435,F046
10398,(加碼最高回饋10%) 悠活原力 LP28敏立清Plus益生菌-葡萄多多(30條/盒),13,11,17,2431,115,620,F046
10399,(加碼最高回饋10%) 悠活原力 LP28敏立清Plus益生菌-草莓多多(30條/盒),13,10,17,2210,117,615,F046
10400,Ruijia露奇亞 調體質ｘ敏舒益生菌(20包/盒) 原廠授權通路,13,11,14,2002,90,637,F046
10401,(加碼最高回饋10%) 悠活原力 小悠活 兒童多醣體咀嚼錠(30錠/盒),14,11,16,2464,108,546,F046
10402,桂格 養氣人蔘雞精68ml*18入,28,12,22,7392,1456,2600,F048
10403,滿六千登記送六百購物金【白蘭氏】 雙認證雞精(70g/瓶 x 12入),29,12,23,8004,1928,2460,F048
10404,桂格滴雞精52ml×9包/盒,27,11,24,7128,1103,1001,F048
10405,桂格 養氣人蔘雞精禮盒68ml*8入,27,11,21,6237,1911,2402,F048
10406,滿六千登記送六百購物金【白蘭氏】 雙認證雞精(70g/瓶 x 6入),28,13,22,8008,1900,644,F048
10407,桂格 養氣人蔘雞精68ml*6入,29,11,20,6380,1637,2412,F048
10408,滿六千登記送六百購物金【白蘭氏】 雙認證雞精72瓶 (70g/瓶 x 12瓶/盒 x 6盒),27,14,22,8316,1568,2532,F048
10409,桂格原味水解雞精68ml×18入,28,10,23,6440,1510,2009,F048
10410,滿六千登記送六百購物金【白蘭氏】 雙認證雞精48瓶超值組(70g/瓶 x 6瓶/盒 x 8盒),25,12,24,7200,1159,743,F048
10411,滿六千登記送六百購物金【白蘭氏】 雙認證雞精48瓶 (70g/瓶 x 12瓶/盒 x 4盒),28,13,23,8372,1328,1256,F048
10412,滿六千登記送六百購物金【白蘭氏】 雙認證雞精 4盒組(70g/瓶 x 6入 x 4盒),25,13,20,6500,1271,2091,F048
10413,滿六千登記送六百購物金【白蘭氏】 雙認證雞精 6盒組(70g/瓶 x 6入 x 6盒),26,13,23,7774,1202,2191,F048
10414,滿六千登記送六百購物金【白蘭氏】 雙認證雞精24瓶超值組 (70g/瓶 x 12瓶 x 2盒),25,14,22,7700,1127,610,F048
10415,滿六千登記送六百購物金【白蘭氏】 雙認證雞精(70g/瓶 x 12入),29,12,24,8352,1868,1899,F048
10416,娘家 滴雞精(65ml/包 ，10入/盒) ，冷凍配送 【杏一】,25,12,21,6300,1586,2752,F048
10417,超有感-西班牙專利100%深海魚油(120顆/瓶)x20瓶,13,11,13,1859,334,743,F050
10418,超有感-西班牙專利100%深海魚油(120顆/瓶)x16瓶,14,10,16,2240,344,1026,F050
10419,"PPLsR超視王R 6+1，買6盒即贈1盒，現賺2,800！",14,10,16,2240,311,1139,F050
10420,超有感-西班牙專利100%深海魚油(120顆/瓶)x8瓶,13,11,15,2145,283,598,F050
10421,【普登】新適樂專業級金盞花萃取物膠囊(含葉黃素)(每盒30粒加贈5粒)-六盒優惠組,13,11,14,2002,369,922,F050
10422,民視 娘家明適保軟膠囊3盒組(90粒/盒)SNQ健康優購網 原廠貨源,13,11,17,2431,386,472,F050
10423,多立康 足量30毫克葉黃素+山桑子(60粒X12瓶),14,11,15,2310,297,326,F050
10424,【領醫】光纖凍 Visionfibery (14包入/盒)-六盒優惠組,13,10,17,2210,299,334,F050
10425,PPLsR超視王R 體驗價 6+1，買6盒贈1盒，一盒只要 $840！,13,11,15,2145,309,1131,F050
10426,統一預倍葉黃素+DHA藻油3罐組 健康優購網原廠貨源,12,11,13,1716,393,461,F050
10427,【普登】新適樂保養級 葉黃素膠囊(全素配方)(每盒30粒加贈5粒)-六盒優惠組,13,11,15,2145,347,329,F050
10428,民視 娘家明適保軟膠囊2盒組(90粒/盒) SNQ健康優購網 原廠貨源,14,11,17,2618,350,672,F050
10429,【六盒】Aicom艾力康 德國頂級高濃度魚油 60粒/盒,13,11,15,2145,397,933,F050
10430,滿六千登記送六百購物金可折價券200 【白蘭氏】 葉黃素精華凍15g*126入,14,11,13,2002,334,869,F050
10431,超有感-西班牙專利100%深海魚油(120顆/瓶)x3瓶,12,10,15,1800,323,1148,F050
10432,(時時樂)【挺立】鈣強力錠禮盒 (176錠/盒),10,9,15,1350,233,360,F051
10433,(時時樂)【銀寶善存】50+綜合維他命錠 (260錠/盒),11,9,16,1584,246,978,F051
10434,【銀寶善存】50+女性綜合維他命 (120錠/盒),11,8,16,1408,248,788,F051
10435,【銀寶善存】50+男性綜合維他命 (120錠/盒),10,8,15,1200,232,427,F051
10436,【善存】三效順暢益生菌 粉末顆粒 40包X4盒( 益生質養好菌 鳳梨酵素助消化),10,8,17,1360,247,1001,F051
10437,【善存】男性綜合維他命 (120錠/盒),10,8,16,1280,243,342,F051
10438,【善存】成人綜合維他命錠 (130錠/盒),11,9,17,1683,242,381,F051
10439,【銀寶善存】50+綜合維他命錠 (130錠/盒),10,9,15,1350,240,828,F051
10440,白蘭氏 鐵+維他命B群?精錠180錠/瓶-打擊疲倦 充足精神 14005016,11,9,17,1683,243,905,F051
10441,【銀寶善存】50+男性120錠X1+女性120錠X1 (共2盒),11,9,17,1683,240,1193,F051
10442,【銀寶善存】50+女性綜合維他命 (120錠/盒),11,9,17,1683,242,651,F051
10443,【善存】女性綜合維他命 (120錠/盒),11,8,17,1496,243,498,F051
10444,【挺立】鈣強力錠禮盒 (176錠/盒),10,9,16,1440,237,629,F051
10445,【善存】游離型葉黃素軟膠囊20mg (60粒/盒),10,9,16,1440,248,613,F051
10446,【銀寶善存】50+綜合維他命錠禮盒 (260錠/盒),10,9,17,1530,245,863,F051
10447,桂格 養氣人蔘雞精68ml*18入,29,14,18,7308,464,1120,F052
10448,滿六千登記送六百購物金【白蘭氏】 雙認證雞精(70g/瓶 x 12入),29,12,22,7656,660,624,F052
10449,桂格滴雞精52ml×9包/盒,29,11,18,5742,692,641,F052
10450,桂格 養氣人蔘雞精禮盒68ml*8入,28,12,24,8064,513,691,F052
10451,滿六千登記送六百購物金【白蘭氏】 雙認證雞精(70g/瓶 x 6入),27,10,19,5130,633,650,F052
10452,桂格 養氣人蔘雞精68ml*6入,25,13,20,6500,614,923,F052
10453,滿六千登記送六百購物金【白蘭氏】 雙認證雞精72瓶 (70g/瓶 x 12瓶/盒 x 6盒),26,11,19,5434,454,771,F052
10454,桂格原味水解雞精68ml×18入,25,13,22,7150,475,958,F052
10455,滿六千登記送六百購物金【白蘭氏】 雙認證雞精48瓶超值組(70g/瓶 x 6瓶/盒 x 8盒),27,13,20,7020,556,686,F052
10456,滿六千登記送六百購物金【白蘭氏】 雙認證雞精48瓶 (70g/瓶 x 12瓶/盒 x 4盒),29,14,22,8932,503,1175,F052
10457,滿六千登記送六百購物金【白蘭氏】 雙認證雞精 4盒組(70g/瓶 x 6入 x 4盒),26,14,20,7280,836,1255,F052
10458,滿六千登記送六百購物金【白蘭氏】 雙認證雞精 6盒組(70g/瓶 x 6入 x 6盒),25,14,23,8050,781,1016,F052
10459,滿六千登記送六百購物金【白蘭氏】 雙認證雞精24瓶超值組 (70g/瓶 x 12瓶 x 2盒),27,13,21,7371,613,1288,F052
10460,滿六千登記送六百購物金【白蘭氏】 雙認證雞精(70g/瓶 x 12入),28,14,21,8232,581,588,F052
10461,娘家 滴雞精(65ml/包 ，10入/盒) ，冷凍配送 【杏一】,27,12,19,6156,637,574,F052
10462,美國培恩活力維生素D3軟膠囊120粒,21,10,23,4830,36,921,F049
10463,【Richvita利捷維】有酵複方鈣鎂錠 60錠,16,11,15,2640,38,744,F049
10464,【宏醫生技】穩立 葡萄糖胺飲 20入/盒,14,10,16,2240,52,1189,F049
10465,天地合補 葡萄糖胺飲8入禮盒(60ml*8入),22,11,23,5566,74,592,F049
10466,天地合補 葡萄糖胺飲8入禮盒(60ml*8入),18,10,17,3060,78,1219,F049
10467,【Richvita利捷維】有酵葡萄糖胺膠原飲(8瓶/盒),24,11,15,3960,77,798,F049
10468,美國培恩活力維生素D3軟膠囊120粒-2入組,13,11,16,2288,33,1260,F049
10469,【Richvita利捷維】有酵維生素D3錠(60錠/瓶),20,11,22,4840,59,602,F049
10470,信誼康 倍耐勁-左旋精胺酸膠囊950mg(60粒/罐),16,10,20,3200,62,812,F049
10471,台塑醫之方 益菌活力鈣複方粉末 30包/盒,18,11,19,3762,95,949,F049
10472,（結帳再享優惠）天地合補EXX葡萄糖胺膠囊30粒,16,10,20,3200,37,847,F049
10473,信誼康 護萌亮-葉黃素膠囊(60粒/罐),22,11,19,4598,66,1036,F049
10474,信誼康 關易順-葡萄糖胺錠(60錠/罐),20,10,23,4600,112,1276,F049
10475,澳佳寶Blackmores 陽光D3滴劑(12ml),13,10,23,2990,51,796,F049
10476,【Richvita利捷維】有酵複方鈣鎂錠 60錠x2瓶,21,11,24,5544,60,689,F049
10477,Panasonic 國際牌 1.8公升多功能營業用果汁機 MX-V288,60,25,18,27000,5100,2490,B008
10478,九陽破壁免濾多功能豆漿機輕享版(燕麥杏) DJ06M-D23,30,20,30,18000,2200,2680,B008
10479,CEOOL USB無線隨行果汁機 攜帶式榨汁機 全自動碎冰迷你果汁杯 多功能調理機,23,13,15,4485,1200,329,B008
10480,飛利浦PHILIPS 調理機HR3556/03,37,20,33,24420,4000,3088,B008
10481,Kolin 歌林 USB無線隨行杯果汁機-白色(KJE-HC12U),10,11,20,2200,1000,699,B008
10482,【Kolin 歌林】萬用食物調理機(KJE-HC500) 切碎．研磨．打泥．冰沙．果汁,12,12,12,1728,1300,699,B008
10483,[熱銷推薦] TATUNG 大同 隨行杯果汁機(雙杯組)TJC-P280A,18,10,8,1440,1200,690,B008
10484,美國OSTER-Ball Mason Jar經典隨鮮瓶果汁機(紅)BLSTMM-BRD,12,11,20,2640,1100,750,B008
10485,美國Cuisinart 蔬果鮮榨機/榨汁機 CJE-500TW,32,25,35,28000,4100,1780,B008
10486,九陽 Joyoung 多功能豆漿機 DJ13M-G1 公司貨,24,20,32,15360,2800,2980,B008
10487,SAMPO聲寶 1.5L多功能果汁機 KJ-CF15G,18,41,40,29520,3200,3490,B008
10488,美國Cuisinart 玩味輕鬆打 4杯迷你食物處理機/調理機 ECH-4GMTW,20,16,26,8320,2000,980,B008
10489,Panasonic國際牌400ML低速慢磨蔬果機慢磨機果汁機MJ-L500,22,20,50,22000,4000,1680,B008
10490,SAMPO聲寶 1.5L多功能果汁機 KJ-CF15G,22,20,43,18920,3500,5710,B008
10491,【ZERO | 零式】 MIXER+ V2 隨行杯果汁機 易開蓋 | 旋弧四刀頭 | 大電量,10,10,22,2200,700,6717,B008
10492,[熱銷推薦] SAMPO 聲寶 11人份美型電鍋 KH-RF11A,30,38,30,34200,4100,980,B013
10493,飛利浦PHILIPS 智慧萬用鍋HD2133/2136 (2款任選),35,36,38,47880,6500,1980,B013
10494,人氣熱銷款↘【MOLIJIA 魔力家】即食行熱-雙層防燙快煮鍋+M0819分離式蒸具三件套-超值組,22,22,26,12584,2000,2888,B013
10495,[熱銷推薦]TATUNG大同 10人份紫色不鏽鋼內鍋電鍋(TAC-10L-DU),33,33,30,32670,4500,699,B013
10496,【鍋寶】新型316分離式電鍋-8人份-玫瑰金(ER-8451GR),30,30,30,27000,4000,2923,B013
10497,【MOLIJIA 魔力家】即食行熱-雙層防燙快煮鍋+M0818加高蒸具二件套-超值組,32,32,32,32768,3600,2690,B013
10498,【CookPower鍋寶】新型316分離式電鍋-8人份-星辰藍(ER-8453B),30,28,30,25200,3900,2923,B013
10499,【TATUNG 大同】6人份晶鑽灰多功能不鏽鋼電鍋(TAC-06I-NIG),27,27,27,19683,3050,1512,B013
10500,SAMPO聲寶 11人份全不鏽鋼電鍋 KH-MA11T,35,30,30,31500,3400,1680,B013
10501,【鍋寶】智慧微電腦萬用鍋-6.0L(CW-6102),30,32,33,31680,6500,699,B013
10502,【CookPower鍋寶】新型316分離式電鍋11人份-湖水綠 ER-1154G,36,30,30,32400,3000,1680,B013
10503,【TATUNG 大同】15人份晶鑽灰多功能不鏽鋼電鍋(TAC-15T-NIG),34,34,34,39304,5600,3947,B013
10504,【CookPower鍋寶】新型316分離式電鍋-8人份-茶花粉(ER-8452P),31,26,27,21762,2800,4290,B013
10505,歌林Kolin-三人份不鏽鋼美型電鍋(KNJ-UD303),19,18,22,7524,1500,3314,B013
10506,【CookPower鍋寶】熱壓吐司鬆餅機 MF-1115P,22,15,10,3300,1100,990,B010
10507,UNIFUN多功能陶瓷快煮鍋 1.5L,36,22,20,15840,1100,990,B010
10508,【SANSUI 山水】雙層防燙不鏽鋼快煮美食鍋SMY-J12 附蛋架 快煮鍋/料理鍋/電火鍋/電煮鍋,21,16,20,6720,900,499,B010
10509,SAMPO聲寶 雙層防燙多功能快煮美食鍋//電火鍋(附蒸架) 1.2L KQ-CA12D,23,18,17,7038,1000,580,B010
10510,KINYO多功能料理鍋-烤盤、火鍋兩用(BP085R)-紅,35,26,20,18200,3500,1680,B010
10511,CHIMEI奇美 分離式料理鍋 EP-25MC40,24,22,21,11088,2000,1288,B010
10512,ARTISAN網紋式真空包裝袋15x22cm(100入裝)VB1522,22,15,3,990,150,490,B010
10513,電煮鍋 手動款電熱鍋 電火鍋(1.8L電鍋/多功能智能一體小電鍋/智能快煮鍋)【贈送5件套】,30,20,20,12000,1300,699,B010
10514,Concern 康生 美食達人不鏽鋼快煮美食鍋,17,22,20,7480,1300,599,B010
10515,【青葉牌ShineYe】 P299B 真空包裝機 強力吸嘴 乾濕兩用免專用袋(公司貨) 黑色,40,15,8,4800,2000,4290,B010
10516,【青葉牌ShineYe】P290B 真空包裝機 乾濕商用免專用袋(公司貨),39,15,8,4680,1960,3990,B010
10517,【CookPower鍋寶】316雙層防燙多功能美食鍋1.8L (霧粉),23,18,21,8694,1100,890,B010
10518,recolte 日本麗克特Bonne 萬用調理機 香檳白,10,10,22,2200,700,2180,B010
10519,"美國【NOSTALGIA】爆米花機,復古家電, 經典紅",40,35,60,84000,3500,3184,B010
10520,[熱銷推薦] Panasonic國際牌32L雙溫控發酵電烤箱 NB-H3203,53,40,34,72080,9700,2988,B011
10521,【美國康寧】Snapware SEKA 多功能電烤盤(贈平煎烤盤+料理深鍋),40,25,20,20000,3500,3320,B011
10522,[熱銷推薦] TATUNG大同 9L雪白木紋經典烤箱(TOT-908WA),23,32,25,18400,2600,2980,B011
10523,Whirlpool惠而浦32L 雙溫控旋風烤箱 WTOM321S,46,35,37,59570,9400,850,B011
10524,SAMPO 聲寶 8L電烤箱 KZ-SK08 -,38,26,22,21736,2700,2990,B011
10525,【CookPower 鍋寶】智能萬用氣炸烤箱12L AF-1271BA,36,33,37,43956,7400,739,B011
10526,CHIMEI奇美 10L遠紅外線蒸氣電烤箱 EV-10T0AK,32,25,26,20800,3000,2990,B011
10527,【CookPower 鍋寶】智能萬用氣炸烤箱12L AF-1271BA,36,33,37,43956,7400,1888,B011
10528,義大利 Giaretti 12公升蒸氣烤箱 GT-OV126,39,21,27,22113,3000,2990,B011
10529,TATUNG大同 35公升雙溫控電烤箱(TOT-B3507A),34,54,38,69768,6500,1035,B011
10530,[熱銷推薦]Panasonic國際牌9L烤箱 NT-H900,37,21,28,21756,3100,1380,B011
10531,日本TOSHIBA東芝 8公升日式小烤箱 TM-MG08CZT(AT),30,23,28,19320,3100,2690,B011
10532,TECO東元 10L電烤箱 YB1002CB,21,36,28,21168,2200,1180,B011
10533,TATUNG大同 20公升電烤箱 TOT-2007A 台灣公司貨 原廠保固,47,32,28,42112,4100,2480,B011
10534,Panasonic國際牌9L烤箱 NT-H900,37,21,28,21756,3100,990,B011
10535,【CookPower 鍋寶】316保溫雙層防燙不銹鋼快煮壺1.8L-湖水綠,21,16,21,7056,950,684,B007
10536,歌林2.0L藍光LED玻璃快煮壺(KPK-LN205G),24,16,27,10368,1000,599,B007
10537,PERFECT 1.5L不鏽鋼快煮壺PR-5101,19,18,22,7524,1100,399,B007
10538,【鍋寶】316不鏽鋼快煮壺-1.8L KT-9180,21,16,24,8064,850,599,B007
10539,義大利 Giaretti 智能觸控快煮壺 GT-KT18,17,22,26,9724,1600,1380,B007
10540,鍋寶 316雙層保溫快煮壺-1.8L 粉 KT-90183P,21,16,21,7056,950,700,B007
10541,Haier海爾 雙層真空保溫型快煮壺-紅(福利品) HEK-1700-1ZR,22,16,28,9856,1400,690,B007
10542,CHIMEI奇美 1.2L不鏽鋼防燙快煮壺 KT-12SUT0,22,17,22,8228,1000,987,B007
10543,【CookPower鍋寶】玻璃快煮壺1.8L-粉 KT-1821P,21,15,24,7560,960,699,B007
10544,晶工牌5.0L智能光控電熱水瓶 JK-8550,23,31,37,26381,2800,1880,B007
10545,SAMPO聲寶 6L大容量溫控電熱水瓶(304不鏽鋼內膽) KP-PF60MT,34,24,36,29376,2600,1980,B007
10546,Haier海爾 1.7L不鏽鋼快煮壺-鋼琴黑 HB3138AK,23,23,15,7935,1200,890,B007
10547,大同1.8L不銹鋼電茶壺TEK-1815S,24,23,18,9936,2000,862,B007
10548,(福利品)【聲寶】1.2L不鏽鋼快煮壺 KP-L1022SL 保固免運,19,18,23,7866,950,1013,B007
10549,Panasonic國際牌1.2L雙層隔熱電水壺 NC-HKD121,22,15,24,7920,1500,1300,B007
10550,mini筋膜槍 迷你筋膜槍 小型筋膜槍 筋膜槍 USB充電筋膜槍,14,5,15,1050,460,535,B009
10551,OMG 便攜電動mini筋膜槍 健身放鬆按摩槍 肌肉放鬆器 強力震動按摩放鬆,14,7,15,1470,500,829,B009
10552,【FJ】旗艦款雙色USB筋膜按摩槍K6(附收納硬包) 熱銷推薦,16,21,5,1680,690,739,B009
10553,【FJ】升級38段USB深層肌肉筋膜按摩槍K3(附便攜收納硬包),16,7,21,2352,710,666,B009
10554,【買1送1】FJ旗艦款雙色USB筋膜按摩槍K6(附收納硬包),16,21,5,1680,690,1380,B009
10555,嚴選 MINI迷你筋膜槍/Type-C充電觸控螢幕/贈4款按摩頭,21,20,6,2520,700,539,B009
10556,【富士電通】20段速筋膜槍 按摩槍 輕量深層 湖水綠 FTM-U05 保固免運,31,22,8,5456,680,3980,B009
10557,OMG 迷你便攜 多功能液晶觸控筋膜槍 強力震動按摩放鬆(附4款按摩頭),20,14,5,1400,510,799,B009
10558,Lisscode 敲敲小摩 震動按摩槍,10,5,15,750,470,799,B009
10559,Timo 輕量美型 長效續航 USB迷你筋膜槍 (6款按摩頭) TG-02,15,9,5,675,365,1090,B009
10560,富士電通 按摩槍 筋膜按摩槍 筋膜槍 6段調速 5頭更換 1年保固 FTM-G01 震動按摩槍 商檢認證合格,22,30,8,5280,550,1449,B009
10561,Mavoly 美樂麗 8按摩頭+22檔 無線筋膜槍 / USB充電按摩槍 C-0417 (運動健身舒緩機),32,22,8,5632,750,1971,B009
10562,【FJ】升級38段USB深層肌肉筋膜按摩槍K3(附便攜收納硬包),16,7,21,2352,710,1549,B009
10563,[館長推薦] CASO 14吋 12段速微電腦遙控DC直流電風扇,34,39,71,94146,2720,1290,B012
10564,HERAN禾聯 14吋 12段速微電腦遙控DC直流電風扇 HDF-14AH770,41,38,72,112176,3350,1490,B012
10565,CHIMEI奇美 8吋 8段速3D擺頭DC直流循環扇 DF-08A0CD,33,23,34,25806,2100,1988,B012
10566,[限時下殺] TECO東元 14吋 7段速微電腦遙控ECO溫控DC直流風扇 XA1489BRD,42,41,82,141204,3900,1690,B012
10567,【DIKE】Brief 8吋擺頭定時伸縮立扇(DUF310BU),21,16,15,5040,900,990,B012
10568,金展輝 18吋 3段速擺頭鋁扇葉工業扇 A-1801,50,31,57,88350,5600,720,B012
10569,Kolin歌林 14吋 10段速微電腦遙控擺頭DC直流電風扇 KF-A1406DCR 涼風電扇,20,42,70,58800,2900,1370,B012
10570,OOJD 3段速USB手持迷你靜音電風扇 掛脖風扇 戶外隨身便攜小風扇,12,12,2,288,130,499,B012
10571,[館長推薦] SAMPO聲寶16吋機械式工業扇SK-VG16F,55,27,48,71280,3250,788,B012
10572,HAGENUK哈根諾克 16吋 7段速微電腦遙控DC直流電風扇 HGN-168DC,42,41,82,141204,4900,1501,B012
10573,太星電工 風神 4吋 一孔散熱降溫排風扇 WFC41,14,5,14,980,600,396,B012
10574,KINYO USB充電式7.5吋靜音桌立風扇,19,14,32,8512,535,539,B012
10575,正豐 8吋百葉吸排扇/通風扇/排風扇/窗扇 (GF-8A)風強且安靜,31,30,15,13950,3100,918,B012
10576,CHIMEI奇美 16吋 7段速微電腦遙控ECO溫控DC直流電風扇 DF-16B0ST,45,41,83,153135,4000,2188,B012
10577,TECO東元 18吋DC微電腦ECO遙控立扇 XA1803BRD,44,50,86,189200,5000,1971,B012
10578,亮爆 超越T6美國CREE XM-L2 LED伸縮調光強光手電筒 五段模式 颱風 地震 強光 騎車,14,12,12,2016,550,250,G053
10579,韓國SELPA 夜行者專業級LED防水強光感應式頭燈 頭燈 LED 登山 露營(三色任選),48,14,12,8064,500,339,G053
10580,[時時樂限定] Effect USB充電便攜隨身摺疊風扇(三色可選/附贈充電線),24,16,13,4992,350,390,G053
10581,【ATUNAS 歐都納】 登山運動休閒防護護具/半月型矽膠軟鐵護膝A2SACC02黑,55,14,12,9240,450,675,G053
10582,雙層透氣晴雨傘帽(頭戴式遮陽傘.防曬銀膠釣魚傘兩用傘.抗UV遮陽帽子摺疊傘折疊傘),17,18,7,2142,550,119,G053
10583,VICTORINOX 瑞士維氏不鏽鋼指甲刀,55,19,8,8360,500,485,G053
10584,【ADISI】木蓋折疊收納箱 AS22019 / 黑色 (50L),31,14,9,3906,500,580,G053
10585,太星電工 夜巡俠彩色輕巧LED充電式照明燈,71,19,14,18886,550,332,G053
10586,韓國SELPA 雲頂7075鋁合金避震登山杖(三色任選)(買一送一超值兩入組),18,19,11,3762,350,649,G053
10587,4段專業變焦強光手電筒,7,17,10,1190,450,770,G053
10588,[時時樂限定] PLAYBOY 經典熱銷兔兔小白鞋-6款可選,30,6,13,2340,350,1161,G054
10589,Timberland 女款淺粉色配黑色Los Angeles Wind皮革/織布涼鞋|A41HQ662,34,6,10,2040,450,1339,G054
10590,Keds 品牌經典真皮綁帶休閒鞋-白,31,6,12,2232,350,1199,G054
10591,Crocs 卡駱馳 (中性鞋) Baya 克駱格 205089-4CC,37,8,13,3848,500,1128,G054
10592,Crocs 中性鞋 Baya 克駱格(205089-066),30,6,11,1980,400,853,G054
10593,New Balance Fresh Foam 1880 女健走鞋-灰-WW1880S1-D,25,5,10,1250,500,1313,G054
10594,Havaianas哈瓦仕 拖鞋 厚底亮片 夾腳拖 人字拖 巴西 女鞋 黑 4144764-0090W Slim Flatform Shine,25,5,10,1250,400,1168,G054
10595,Havaianas哈瓦仕 拖鞋 夾腳拖 人字拖 巴西 女鞋 丁香紫 4119787-5251W Slim Logo Pop Up 跳色 Logo,39,7,10,2730,400,1068,G054
10596,Havaianas哈瓦仕 拖鞋 夾腳拖 人字拖 巴西 女鞋 黑 4000030-0090W Slim,35,8,13,3640,400,555,G054
10597,Keds CHAMPION 手繪藝術塗鴉綁帶休閒鞋-海軍藍,31,5,11,1705,450,606,G054
10598,Nike Victori One Shower Slide 男休閒拖鞋-黑-CZ5478001,32,7,14,3136,500,1349,G055
10599,Nike Air Force 1 '07 女休閒鞋-白-DD8959100,36,9,11,3564,350,1488,G055
10600,ADIDAS? edge lux 3 女跑步鞋-EF7035,31,5,11,1705,350,1436,G055
10601,Havaianas哈瓦仕 拖鞋 夾腳拖 人字拖 巴西 男鞋 女鞋 海軍藍 4000029-0555U Top 基本款素色,29,9,10,2610,450,1346,G055
10602,ADIDAS FOIL LINEAR 女短袖上衣 黑 CV4566,38,8,10,3040,450,719,G055
10603,Vans 休閒鞋 V2129CVS Surface 男鞋 女鞋 黑 白 日本線 滑板鞋 帆布 5877490001,27,8,10,2160,450,935,G055
10604,ADIDAS? CNY CS GFX 女大學T-EA2098,34,5,12,2040,350,1029,G055
10605,ADIDAS RUN70S 男休閒鞋-EE9752,33,8,13,3432,450,516,G055
10606,ECCO BIOM C M 銷售冠軍自然律動健步鞋  男鞋 磁石灰,34,5,10,1700,350,701,G055
10607,ADIDAS 90s 女跑步鞋-EE9907,32,6,10,1920,500,525,G055
10608,WAVE SHINE-二代 透紗削肩美波比基尼(二色)-女【B5WS112】,5,16,3,240,200,1229,G056
10609,WAVE SHINE-二代 收腰綁帶泳褲裙(三色)-女【B5WS118】,12,16,4,768,300,1191,G056
10610,SPEEDO 成人矽膠泳帽 PLAIN MOULDED 黑,8,19,3,456,200,1153,G056
10611,MIZUNO 男 BASIC三角泳褲 丈青白,12,19,2,456,300,379,G056
10612,NIKE SWIM 成人尼龍泳帽-游泳 戲水 海邊 沙灘 93065-001 黑白,6,17,2,204,200,1260,G056
10613,S-XL(多色)立貝超收腹機能長泳褲水母褲游泳衝浪褲-單長褲，Biki,6,15,2,180,100,1069,G056
10614,WAVE SHINE-聚焦美波長版bra top(六色)-女【C5LS030】,10,19,3,570,250,1001,G056
10615,Heatwave熱浪 加大男泳褲 五分平口褲-乘風黑(M-3XL),7,18,3,378,100,763,G056
10616,巴博士 專業度數電鍍泳鏡 Dr.B #94190,10,18,3,540,200,528,G056
10617,SPEEDO 女運動連身泳裝-海邊 游泳 沙灘 戲水 泳衣 連身泳衣 SD812523G075 黑橘藍,8,17,3,408,50,1144,G056
10618,JHT R6家用型電動跑步機 K-1803,100,35,60,210000,3000,13709,G057
10619,【X-BIKE】加厚款 10MM厚 185X61CM 瑜珈墊/防滑墊/地墊 贈綁帶及背袋 SGS認證  XFE-YG16,100,70,82,574000,19000,10624,G057
10620,YUNMI 靜音跳繩加厚訓練墊 瑜伽墊 有氧核心運動墊 健身墊 跳繩毯 舞蹈墊 8mm厚,100,35,96,336000,17000,4877,G057
10621,輝葉 Werun小智跑步機HY-20602,50,35,54,94500,2000,14320,G057
10622,【X-BIKE 晨昌】TPE加?加長 防滑加厚 8MM厚 183x80cm 雙色瑜珈墊 贈綁帶及背袋 XFE-TP88N,100,70,72,504000,14000,14699,G057
10623,JHT 橢圓電動循環健走機(踏步機/橢圓機/復健機) K-602,50,70,46,161000,9000,2358,G057
10624,BODHI 環保TPE折疊瑜珈墊 加厚6mm SGS認證 雙色正反面 易辨識清潔 附收納袋 健身墊 摺疊瑜伽墊,100,70,102,714000,10000,11925,G057
10625,輝葉 Werun2 新小智跑步機 HY-20610,100,70,32,224000,17000,9846,G057
10626,ANTIAN 家用減震隔音加厚防滑跳繩墊 TPE家用瑜伽墊 運動健身跳繩毯 舞蹈墊,100,35,42,147000,11000,4058,G057
10627,The One 環保NBR加寬加厚瑜珈墊 15mm 附贈綁帶(三色任選),50,35,58,101500,12000,3590,G057
10628,(快)輝葉 miniV美型口袋按摩槍HY-10599,21,25,13,6825,3700,1943,G058
10629,JIAGO 可調式腕力握力訓練器,22,26,11,6292,3200,7709,G058
10630,Reebok 女用速乾健身手套(迷幻粉)-共三尺寸,20,28,8,4480,3000,3779,G058
10631,AD-ROCKET 靜音減震加厚8mm訓練跳繩墊加長加寬pro款/跳繩墊/訓練墊/靜音墊(兩色任選),23,29,14,9338,3100,2386,G058
10632,運動10公斤壺鈴 (競技10KG壺鈴/核心肌群深蹲甩鈴/拉環啞鈴搖擺鈴KettleBell),24,25,8,4800,3400,7987,G058
10633,【火星計畫】Booster MINI X 肌肉放鬆迷你筋膜槍(入門首選、輕巧好攜),24,26,11,6864,4100,5245,G058
10634,AD-ROCKET 六角包膠啞鈴 啞鈴 重訓 健身 (7.5KG),21,27,14,7938,3700,12945,G058
10635,Reebok 輕薄透氣運動頭巾(黑),22,25,9,4950,1900,11637,G058
10636,Reebok 女用透氣半指手套(數碼灰)-共三尺寸,21,27,10,5670,3000,10758,G058
10637,Wonder Core Smart全能輕巧健身機 兩件組(含運動墊),20,28,10,5600,4000,4499,G058
10638,Reebok Club C Double GEO 經典鞋 女 H69142,26,4,12,1248,550,1283,G059
10639,Reebok Fulgere 拖鞋 女 CN6466,23,5,10,1150,400,847,G059
10640,CONVERSE CTAS MOVE 低筒 厚底 女鞋 男鞋 休閒鞋 -2款任選-,27,4,8,864,550,1350,G059
10641,【現貨】NIKE TC 7900 女鞋 休閒 老爹鞋 增高 厚底 奶油白/白/粉【運動世界】DD9682-100/DR7851-100/DR7851-511,27,4,12,1296,450,984,G059
10642,【現貨】NIKE TC 7900 女鞋 休閒 老爹鞋 增高 厚底 奶油白【運動世界】DD9682-100,17,4,10,680,500,1121,G059
10643,New Balance 327 乾燥玫瑰粉 復古 休閒鞋 WS327CD,23,4,12,1104,500,814,G059
10644,CONVERSE RUN STAR HIKE 高筒 男款 女款 休閒鞋 增高鞋 5款任選,24,5,13,1560,350,1360,G059
10645,adidas 運動拖鞋 男/女 FY8969,21,4,13,1092,500,1458,G059
10646,NIKE 休閒鞋 TC 7900 TC7900 白黑 復古 增高厚底 老爹鞋 女 (布魯克林) DR7851-100,24,4,8,768,550,854,G059
10647,Nike 休閒鞋 北卡藍 Wmns Air Jordan 1 Mid 女鞋 男鞋 1代 情侶鞋 UNC 藍 白 BQ6472141,23,4,11,1012,400,1303,G059
10648,Reebok SPEED 21 TR 訓練鞋 男 S42955,16,5,11,880,450,810,G060
10649,[限時下殺2649]Reebok Instapump Fury OG 經典鞋 (男/女) 三款任選,23,5,12,1380,400,1205,G060
10650,【UNDER ARMOUR】UA 男 Charged Impulse 2慢跑鞋_3024136-002,20,4,12,960,350,1156,G060
10651,CONVERSE CTAS LIFT 低筒 厚底 休閒鞋 女鞋 二款任選,26,4,14,1456,450,1018,G060
10652,Nike Air Jordan 11 Cool Grey 男鞋 灰白色 酷灰 冰底 AJ11 籃球鞋 CT8012-005,15,4,11,660,350,846,G060
10653,Reebok Fulgere 拖鞋 男 FZ0946,28,4,9,1008,400,1477,G060
10654,[New Balance]復古鞋_中性_卡其藍_CM997HSK-D楦,16,4,10,640,500,976,G060
10655,NIKE VICTORI ONE SLIDE 女拖鞋-黑 -CN9677005,25,4,12,1200,400,1001,G060
10656,Nike 休閒鞋 Dunk Low Retro 運動 男鞋 經典款 簡約 皮革 質感 球鞋 穿搭 黑 白 DD1391100,17,5,11,935,550,1291,G060
10657,Reebok InstaPump Fury 經典鞋 男/女 GX8623,26,4,8,832,400,1287,G060
10658,OOJD 不會掉的呼啦圈 智能計數呼啦圈 可拆卸磁療按摩收腹減肥 懶人健美塑身器,30,39,15,17550,500,944,G061
10659,成功 極光輪蛇板 滑板 搭配【護具系列│原價$800-加購價只要$199元】,31,28,21,18228,400,879,G061
10660,ASICS 亞瑟士 三入組隱形襪 男女中性款 訓練 配件 3033B617-300,22,28,17,10472,350,910,G061
10661,日本蝴蝶牌Butterfly R40+三星比賽球.ABS乒乓球桌球3顆裝㊣公司貨 瑞典世錦賽指定用球,35,29,23,23345,400,1481,G061
10662,SPALDING 斯伯丁 SP 新人系列 棕色 籃球 5號,37,22,15,12210,450,868,G061
10663,hald 可拆卸呼啦圈 成人瘦腰圈 自由加重 組合式/韻律體操圈/美體健身環,30,38,24,27360,400,801,G061
10664,ZETT 守備用手套 BBGT-299,39,37,24,34632,600,982,G061
10665,ZETT 81系列棒壘手套 11.5吋 野手通用 BPGT-8106,39,37,22,31746,600,1301,G061
10666,Mizuno 美津濃 寶藍x金 打擊手套(雙) (1ETEA21527),31,39,19,22971,650,1372,G061
10667,凱威KW013運動純棉止汗吸汗頭帶.跑步單車籃球透氣彈力通用排導吸汗頭巾運動頭帶束髮,23,37,17,14467,550,984,G061
10668,COMESAN 康森 石墨烯穴道機能護膝,27,26,12,8424,350,1198,G062
10669,LEADER XW-03 台灣製護膝 進化版X型運動壓縮腿套 2只入(黑色)-急速配,24,27,13,8424,450,1392,G062
10670,NIKE 運動帽 漁夫帽 CZ6125010 Y NK BUCKET CORE,25,25,14,8750,400,1136,G062
10671,【UNDER ARMOUR】UA 棒球帽/慢跑帽/中空帽 單一價,27,21,11,6237,450,1139,G062
10672,Reebok Les Mills 漁夫帽 男/女 H46045,23,26,14,8372,350,1185,G062
10673,Reebok Active Foundation 短襪 3 雙入 男/女 H11287,24,23,13,7176,450,908,G062
10674,ADIDAS 休閒 運動 老帽 棒球帽 黑 FK0891 UNISEX BASEBALL CAP,21,25,10,5250,350,998,G062
10675,【現貨】NIKE Everyday Cushioned 襪子 長襪 毛巾布 厚款 白/黑【運動世界】SX7664-100 / SX7664-010,23,26,12,7176,350,1385,G062
10676,ADIDAS BBALL CAP COT  運動帽- HD7235,20,27,13,7020,400,829,G062
10677,adidas 3-STRIPES 中筒襪  FH6628,24,27,12,7776,450,1429,G062
10678,【艾杜紗】高機能毛孔淨透凝膠 EX_165g (2入組),10,5,17,850,400,1242,D028
10679,【專科】超微米潔顏乳N_120g(6入組),15,10,15,2250,380,1380,D028
10680,(6入組) UNO洗顏(新炭洗顏/新淨洗顏/新潤洗顏)130gx6,5,5,15,375,750,883,D028
10681,(2入組)LOREAL Paris 巴黎萊雅 玻尿酸眼霜級撫紋精華霜_30ml,8,5,10,400,100,298,D028
10682,(2入組)sebamed施巴 抗乾敏保濕乳液400ml,5,4,18,360,900,327,D028
10683,Orbis 雙重酵素潔顏粉 50g 3入組,10,5,22,1100,200,572,D028
10684,露得清洗面露(不含香精)150ml,15,10,15,2250,180,149,D028
10685,(3入組)【Ito 日本伊藤】親膚戰痘洗臉巾/卸妝巾/潔顏巾/肌膚護理巾/美容巾,15,15,20,4500,300,456,D028
10686,sebamed施巴 潔膚露1000ml 2入組,15,4,18,1080,2100,848,D028
10687,ARWIN雅聞 香氛密碼 大馬士革玫瑰氨基酸洗卸二用慕絲250mlx4入,12,4,15,720,1100,990,D028
10688,MEISHOKU明色 Botanical 草本植物調理化妝水200ml (三款可選),4,4,15,240,1600,592,D024
10689,imju薏仁清潤化妝水500ml 3入,15,5,17,1275,1600,150,D024
10690,日本獅王LION PAIR沛醫亞 皮脂調理化妝水160ml,4,4,15,240,180,526,D024
10691,日本 Excel 3合1持久造型眉筆(13g含裝) 多款可選【小三美日】,5,5,15,375,15,750,D024
10692,The Ordinary 甘醇酸去角質化妝水 Glycolic Acid 7% Toning Solution 240ml,4,4,15,240,260,557,D024
10693,ROHTO肌研 白潤美白化妝水/ 美白乳液/ 極潤保濕化妝水/ 保濕乳液 多款可選【小三美日】,4,4,15,240,250,414,D024
10694,[官方直營]KOSE 高絲 米肌 澄肌角質調理美容液120ml,3,3,14,126,130,505,D024
10695,韓國空姐噴霧【d Alba】水光精油賦活噴霧(100ml/瓶),3,3,16,144,110,707,D024
10696,(任選3件組) 肌研 白潤/極潤保濕化妝水組(1瓶+2包),16,10,16,2560,750,834,D024
10697,L EGERE 超能亮 美白安瓶精油噴霧 100ml,3,3,13,117,110,618,D024
10698,(超值2入)澳洲THERA LADY 24K奈米金銀箔精華液100ml重量版大金瓶大銀瓶貴婦面膜,15,3,15,675,220,139,D030
10699,(2入組)St.Clare聖克萊爾 玻尿酸超涵水3C眼霜15ml,3,3,8,72,35,465,D030
10700,(2入組)LOREAL Paris 巴黎萊雅 青春密碼酵素肌底調理精華_30ml,3,6,8,144,80,917,D030
10701,(2入組)巴黎萊雅 活力緊緻 積雪草修護奇蹟露/晶透青春露,3,3,7,63,40,123,D030
10702,LOREAL Paris 巴黎萊雅 青春密碼酵素肌底調理精華_30ml,3,3,5,45,40,424,D030
10703,innisfree A醇火山淨膚控油明星組,5,5,10,250,180,470,D030
10704,Jealousness 婕洛妮絲 燕窩胜?撫紋精華(30ml)【小三美日】,3,3,6,54,40,120,D030
10705,innisfree人氣雙茶必備組,15,5,15,1125,200,875,D030
10706,(3入組)LOREAL Paris巴黎萊雅 溫和眼唇卸妝液125ml,15,5,15,1125,450,852,D030
10707,Jealousness 婕洛妮絲 液態皮秒煥膚精華(30ml)【小三美日】,3,3,5,45,40,759,D030
10708,(4月限定特惠20片組) 我的心機 超能SEA安瓶面膜系列 5盒組 8款可選,15,15,15,3375,550,951,D027
10709,(超值30入組) 我的心機 高效EX超保濕逆齡撫紋安瓶 1ml*5入*6盒組,15,4,8,480,50,943,D027
10710,(福利品-60片組) 我的心機 經典復刻木漿面膜 10片/盒 共6盒 (微盒損，最低效期約2022/10月),15,12,15,2700,1500,310,D027
10711,(5包組)我的心機 極輕柔細緻洗臉巾-平織紋 100抽*5包組,25,15,15,5625,500,655,D027
10712,(福利品-8盒組) 我的心機 超能安瓶面膜/六重玻尿酸面膜/大地農潤面膜 (微盒損，最低效期約2022/10月),12,24,15,4320,800,142,D027
10713,(4月限定特惠20片組) 我的心機 肌優BIO安瓶面膜系列 5盒組 4款可選,12,15,15,2700,500,229,D027
10714,innisfree 我的真萃面膜20ml,15,10,1,150,25,119,D027
10715,我的心機 即效保養 隱形面膜系列 40片組 3款可選,15,12,15,2700,600,279,D027
10716,(2盒組) 我的心機 經典黑面膜系列 共8款 8片裝*2盒,12,3,15,540,300,779,D027
10717,【森田藥粧】活氧超水感保濕面膜7入(25g/片),13,3,14,546,180,793,D027
10718,『時時樂限時送7好禮』保加利亞My Rose玫瑰臉部溫和去角質凝膠150ml買3送2再送美國乾洗手236ml+德國茶樹面霜8mlx6入,15,12,16,2880,1000,668,D026
10719,『時時樂限時送7好禮』西班牙babaria草本橄欖SOS萬用修護乳霜250mlx5贈美國乾洗手236ml+茶樹面霜6入,15,12,16,2880,1000,127,D026
10720,(買2送2)露得清 水活保濕乳霜/凝露(升級版)(送凝露15gx2),13,12,12,1872,180,168,D026
10721,(任選2入)妮維雅 全護清爽防曬隔離乳SPF50 50ml,10,3,8,240,120,411,D026
10722,Jealousness婕洛妮絲 杜鵑花酸白CC精華乳10ml,3,2,5,30,15,384,D026
10723,(買2送1)MINON蜜濃 豐潤保濕乳液100gx2,10,12,15,1800,380,931,D026
10724,innisfree 濟州紅茶極效修護霜 45ml,4,4,4,64,60,213,D026
10725,(3入組)歐蕾 OLAY 多元修護 晚霜50gx3,15,5,6,450,200,875,D026
10726,【SEBCLAIR施必麗乳膏】30ml ×2入,6,3,6,108,80,270,D026
10727,Bio-essence碧歐斯 BIO V逆齡緊膚霜45g,4,4,5,80,60,986,D026
10728,(2入組)我的心機 酷涼青檸薄荷/嫩白蜜桃白茶 臉部去角質 共2款 120ml x 2入,8,10,13,1040,300,874,D032
10729,去角質乳 Palmers帕瑪氏可可微粒去角質乳150g二入組,18,15,12,3240,330,561,D032
10730,MKUP 美咖 淨化黑頭去角質-濃密深層泡泡慕斯(三入),4,4,18,288,350,100,D032
10731,上山採藥 青柚籽去角質凝膠100g,4,2,12,96,120,812,D032
10732,St.Ives Scrub 去角質 磨砂膏系列 6oz (170g) 美國品牌 杏桃 綠茶 檸檬柑橘 燕麥【彤彤小舖】,8,8,5,320,200,913,D032
10733,韓國 JIGOTT 維他命去角質凝膠(180ml) 款式可選【小三美日】,4,5,12,240,200,956,D032
10734,【森田藥粧】玻尿酸臉部去角質凝露130ml,3,4,12,144,150,384,D032
10735,韓國 VT CICA老虎積雪草黑頭清潔水(100ml)【小三美日】,3,4,12,144,120,261,D032
10736,日本 BIONISTA 臉部?和去角質凝膠 240 ml---日本製,5,5,16,400,260,369,D032
10737,露得清 深層淨化柔滑去角質露100g,3,3,15,135,120,301,D032
10738,(任選2入)Tsubuporon職人軟化小肉芽聰明刷頭凝膠(日用/夜間/眼周專用)+贈-My Gel我的肌膚果汁 檸檬蘆薈保濕凝露200ml,10,5,15,750,300,339,D031
10739,(2入組) Labo Labo 毛孔緊緻水凝露 90g,10,5,5,250,200,457,D031
10740,【NU+derma 新德曼】明眸撫紋水嫩眼膜 10mL*50入,10,10,2,200,600,135,D031
10741,imju薏仁清潤保濕凝露180g 2入,5,8,16,640,400,190,D031
10742,我的心機 終結黑頭2件組 (高效黑頭粉刺毛孔潔膚儀+黑裡透白深層清潔黑凍膜150ml),12,8,18,1728,500,823,D031
10743,imju薏仁清潤化妝水2入+薏仁清潤保濕凝露1入,10,5,18,900,1300,655,D031
10744,日本 OZIO 歐姬兒 蜂王乳凝露(75g)【小三美日】,5,5,5,125,100,937,D031
10745,歐蕾 OLAY 長效保濕凝露 50g,4,5,4,80,70,601,D031
10746,【寶藝Bonanza】凍齡潤白冠軍組,5,7,15,525,350,553,D031
10747,tsaio上山採藥 茶樹粉痘凝膠20g,3,2,3,18,30,826,D031
10748,超狂美妝節 買一送一 抗UV香氛 防曬隔離噴霧 SPF50 +PA ★★ 70ml UNICAT變臉貓,10,5,18,900,200,836,D025
10749,heme清透水感防曬凝膠 SPF50★★★★ 40ml,4,2,8,64,60,157,D025
10750,LOREAL Paris巴黎萊雅 完美UV全效隔離乳SPF50+ PA++++_50ml,3,4,8,96,70,544,D025
10751,妮維雅 防曬淨白水凝乳SPF50 90ml,4,4,10,160,120,549,D025
10752,超狂美妝節 抗UV香氛 防曬隔離噴霧 SPF50 +PA ★★ 70ml 豪華4件組 UNICAT變臉貓,10,5,18,900,200,690,D025
10753,(任選4入)妮維雅 防曬透白凝露SPF50 30ml,15,6,8,720,200,330,D025
10754,歐蕾 OLAY 多元修護 日霜50g x3入(SPF15),12,5,8,480,200,465,D025
10755,(任選3入)妮維雅 三重防護輕透防曬凝乳SPF50+ 40ml,12,5,8,480,190,838,D025
10756,我的心機 亮白保濕防曬噴霧 SPF50 PA++++(180ml) 3瓶入,12,5,15,900,650,535,D025
10757,(3入組)妮維雅 防曬淨白水凝乳SPF50 90ml,15,5,8,600,350,467,D025
10758,(3入組) KAO花王 蒸汽眼罩(12入x3盒),15,9,10,1350,280,450,D029
10759,花王 蒸氣感溫熱眼罩(12枚入) 洋甘菊/玫瑰/柚子/薄荷/薰衣草/無香/森林浴【小三美日】,15,2,10,300,100,110,D029
10760,MEISHOKU明色 潤澤皙白W撫平皺紋眼霜30g+5g,3,8,5,120,50,217,D029
10761,[官方直營]KOSE 高絲 米肌 肌潤眼霜15g,5,2,5,50,20,851,D029
10762,innisfree 濟州寒蘭複合眼霜 30ml,4,4,4,64,40,189,D029
10763,韓國 PUREDERM 膠原蛋白保濕眼膜(30入)【小三美日】,15,10,1,150,20,935,D029
10764,DHC 高機能睫毛修護液(6.5ml)【小三美日】,2,2,6,24,10,365,D029
10765,日本 花王 美舒律 蒸氣眼罩 12入 盒裝 熱敷 SPA 40°C 20分 助眠 無味 玫瑰 薰衣草 柚子 洋甘菊 薄荷,15,2,10,300,100,565,D029
10766,韓國 Petitfee 眼周修護凝凍膜／眼膜(60片)【小三美日】,15,10,1,150,30,210,D029
10767,超萌大眼動物眼罩(1入) 多款可選【小三美日】,10,3,5,150,50,507,D029
10768,(18入組)【Vaseline 凡士林】經典凡士林潤膚修護膏7g,10,8,10,800,150,72,D033
10769,專科 彈潤護唇膏 4.5g,6,2,2,24,7,54,D033
10770,Palmer’s 帕瑪氏 黑巧克力唇蜜系列,6,2,2,24,10,80,D033
10771,【2件$178】Carmex 小蜜媞 香草／紅石榴／檸檬 防曬潤唇膏(4.25g) 款式可選【小三美日】,6,4,2,48,12,110,D033
10772,Smiths Rosebud Salve 護唇膏(圓罐22g) 多款可選【小三美日】,3,3,2,18,25,106,D033
10773,【保濕專科】彈潤護唇膏 3.5g,6,1,1,6,5,128,D033
10774,Vaseline 凡士林 Q版瓶裝護唇膏(7g) 4款可選【小三美日】,6,2,1,12,9,124,D033
10775,Vaseline 凡士林 玫瑰護唇膏-0.25oz(瓶裝),6,2,1,12,10,76,D033
10776,【3件$99】OMI 近江兄弟 滋潤護唇膏(4g)【小三美日】,5,2,1,10,6,110,D033
10777,妮維雅 水漾護唇膏4.8g - 4入組,6,7,2,84,20,101,D033
10778,《Shu Uemura 植村秀》柚子精萃潔顏油450ml,17,8,7,952,450,435,D028
10779,《Shu Uemura 植村秀》抹茶精萃潔顏油450ml,17,8,7,952,450,149,D028
10780,《Shu Uemura 植村秀》覆盆子超淨白潔顏油450ml,17,8,7,952,450,484,D028
10781,《Shu Uemura 植村秀》全新全能奇蹟金萃潔顏油450ml,17,8,7,952,150,362,D028
10782,《Shu Uemura 植村秀》植物精萃潔顏油(升級版)50ml*3,10,10,10,1000,150,381,D028
10783,shu uemura 植村秀 覆盆子超淨白潔顏油 150ml,7,5,5,175,150,385,D028
10784,《Shu Uemura 植村秀》柚子精萃潔顏油150ml,7,5,5,175,150,463,D028
10785,《Shu Uemura 植村秀》柚子精萃潔顏油50ml,5,5,5,125,50,378,D028
10786,《Shu Uemura 植村秀》全能奇蹟金萃潔顏油50ml*2,5,5,5,125,100,411,D028
10787,shu uemura 植村秀 櫻花萃釀淨透潔顏油 50mlX3,10,10,10,1000,150,286,D028
10788,《Shu Uemura 植村秀》全能奇蹟金萃潔顏油15ml*4,7,5,5,175,450,321,D028
10789,【SHU UEMURA植村秀】抹茶精萃潔顏油450ml-全新綠油 (正統公司貨),17,8,7,952,450,122,D028
10790,《Shu Uemura 植村秀》櫻花萃釀淨透潔顏油450ml,17,8,7,952,450,321,D028
10791,shu uemura 植村秀 極保濕輕感防護乳SPF50 PA+++紫色 7mlX5,11,7,6,462,35,171,D028
10792,shu uemura 植村秀 植物精萃潔顏油(升級版) 50mlX8,10,5,5,250,400,158,D028
10793,shu uemura 植村秀 植物精萃潔顏油(升級版) 50mlX3,10,5,5,250,150,342,D028
10794,shu uemura 植村秀 無極限超時輕粉底#664 1mlX10,6,3,3,54,40,197,D028
